"x1i10hfl href","x15mokao src","a","x193iq5w 2","b","c","d"
"https://www.facebook.com/marketplace/item/1296525038371552/?ref=category_feed&referral_code=undefined&referral_story_type=listing&tracking=%7B%22qid%22%3A%22-8141486814861231854%22%2C%22mf_story_key%22%3A%2232077949421803561%22%2C%22commerce_rank_obj%22%3A%22%7B%5C%22target_id%5C%22%3A32077949421803561%2C%5C%22target_type%5C%22%3A0%2C%5C%22primary_position%5C%22%3A0%2C%5C%22ranking_signature%5C%22%3A4900942852639016989%2C%5C%22ranking_request_id%5C%22%3A5685202768989015638%2C%5C%22commerce_channel%5C%22%3A504%2C%5C%22value%5C%22%3A0.0015251871664077%2C%5C%22candidate_retrieval_source_map%5C%22%3A%7B%5C%2232077949421803561%5C%22%3A111%7D%7D%22%7D&__tn__=!%3AD","https://scontent.fsyd14-1.fna.fbcdn.net/v/t39.30808-6/558053665_25221437010824706_2874988067650432196_n.jpg?stp=c0.132.1200.1200a_dst-jpg_s261x260_tt6&_nc_cat=106&ccb=1-7&_nc_sid=454cf4&_nc_ohc=_gAMx0bj5IcQ7kNvwF5AUg5&_nc_oc=AdnIuX1ztnECjvdlTn2n-9v-twufNUwvRs9iHCXSuGdMUM-UGC8LBnZQAoRe88RVbnc&_nc_zt=23&_nc_ht=scontent.fsyd14-1.fna&_nc_gid=suZcdUoq3eTv8d8a7V2dRg&oh=00_AffMF3pWLXXwG-bVTkjtVV9k74GpAqzRdd466IiISjy4qA&oe=68F6262C","AU$16,200","AU$17,000","2017 Volkswagen golf","Sydney, NSW","170K km"
"https://www.facebook.com/marketplace/item/1479871589825426/?ref=category_feed&referral_code=undefined&referral_story_type=listing&tracking=%7B%22qid%22%3A%22-8141486814861231854%22%2C%22mf_story_key%22%3A%2225305155025769060%22%2C%22commerce_rank_obj%22%3A%22%7B%5C%22target_id%5C%22%3A25305155025769060%2C%5C%22target_type%5C%22%3A0%2C%5C%22primary_position%5C%22%3A1%2C%5C%22ranking_signature%5C%22%3A4900942852639016989%2C%5C%22ranking_request_id%5C%22%3A5685202768989015638%2C%5C%22commerce_channel%5C%22%3A504%2C%5C%22value%5C%22%3A0.00038108148146421%2C%5C%22candidate_retrieval_source_map%5C%22%3A%7B%5C%2225305155025769060%5C%22%3A111%7D%7D%22%7D&__tn__=!%3AD","https://scontent.fsyd14-1.fna.fbcdn.net/v/t45.5328-4/545804176_956662576653138_542916236192668301_n.jpg?stp=c0.43.261.261a_dst-jpg_p261x260_tt6&_nc_cat=108&ccb=1-7&_nc_sid=247b10&_nc_ohc=bk23nIDri6YQ7kNvwEWrLp-&_nc_oc=AdmCta65VuJZrSlIYmNPjnjIy6Qt3zxzXLqIjH37NjtddtdJ-3YHi0uz1xe4A1eTSDU&_nc_zt=23&_nc_ht=scontent.fsyd14-1.fna&_nc_gid=suZcdUoq3eTv8d8a7V2dRg&oh=00_Afe1CJrl1IAF13tcASME7gZ9Mlol1WGbkwhwju0jD8TtNw&oe=68F623E4","AU$15,000","AU$16,000","2018 Volkswagen golf","Sydney, NSW","99K km"
"https://www.facebook.com/marketplace/item/1984677755666413/?ref=category_feed&referral_code=undefined&referral_story_type=listing&tracking=%7B%22qid%22%3A%22-8141486814861231854%22%2C%22mf_story_key%22%3A%2224763233183317220%22%2C%22commerce_rank_obj%22%3A%22%7B%5C%22target_id%5C%22%3A24763233183317220%2C%5C%22target_type%5C%22%3A0%2C%5C%22primary_position%5C%22%3A2%2C%5C%22ranking_signature%5C%22%3A4900942852639016989%2C%5C%22ranking_request_id%5C%22%3A5685202768989015638%2C%5C%22commerce_channel%5C%22%3A504%2C%5C%22value%5C%22%3A0.00051741692004725%2C%5C%22candidate_retrieval_source_map%5C%22%3A%7B%5C%2224763233183317220%5C%22%3A111%7D%7D%22%7D&__tn__=!%3AD","https://scontent.fsyd14-1.fna.fbcdn.net/v/t39.30808-6/558652913_122217543356285788_9138900583078267362_n.jpg?stp=c0.169.1537.1537a_dst-jpg_s261x260_tt6&_nc_cat=103&ccb=1-7&_nc_sid=454cf4&_nc_ohc=wmyGgXDODFkQ7kNvwGBvSxu&_nc_oc=Adk4fC4Ra_jjb4mbRqD9u9zmO3MH4PRaFyJrcyuN6HUAP-kS1hQiKPBqKKqXO1HYujM&_nc_zt=23&_nc_ht=scontent.fsyd14-1.fna&_nc_gid=suZcdUoq3eTv8d8a7V2dRg&oh=00_Afc1fTyFzNOOlmAXPRBrI2Pv6N4tfF8QvgaiTYex_eFwQg&oe=68F61DD6","AU$20,000","AU$21,000","2014 Volkswagen golf","Sydney, NSW","141K km"
"https://www.facebook.com/marketplace/item/1140547287489119/?ref=category_feed&referral_code=undefined&referral_story_type=listing&tracking=%7B%22qid%22%3A%22-8141486814861231854%22%2C%22mf_story_key%22%3A%2225081004224858862%22%2C%22commerce_rank_obj%22%3A%22%7B%5C%22target_id%5C%22%3A25081004224858862%2C%5C%22target_type%5C%22%3A0%2C%5C%22primary_position%5C%22%3A3%2C%5C%22ranking_signature%5C%22%3A4900942852639016989%2C%5C%22ranking_request_id%5C%22%3A5685202768989015638%2C%5C%22commerce_channel%5C%22%3A504%2C%5C%22value%5C%22%3A0.00051725358935073%2C%5C%22candidate_retrieval_source_map%5C%22%3A%7B%5C%2225081004224858862%5C%22%3A111%7D%7D%22%7D&__tn__=!%3AD","https://scontent.fsyd14-1.fna.fbcdn.net/v/t39.30808-6/558953430_32478828461704188_4613357324443064808_n.jpg?stp=c0.169.1536.1536a_dst-jpg_s261x260_tt6&_nc_cat=110&ccb=1-7&_nc_sid=454cf4&_nc_ohc=Cmrw_Z2vw4gQ7kNvwF298SU&_nc_oc=AdkYfvixU9fwyIMW0y3nvJPoFzVKQnJvTfexpzjrSkDqHEQaTZd_UtaHFGJ1uq3L54o&_nc_zt=23&_nc_ht=scontent.fsyd14-1.fna&_nc_gid=suZcdUoq3eTv8d8a7V2dRg&oh=00_AffYQdl8eR00ULejsbAzAUQrhZb3ZgePIJCouVF0kxwlAg&oe=68F61BC2","AU$18,500","","2018 Volkswagen golf","Sydney, NSW","69K km"
"https://www.facebook.com/marketplace/item/1131615215131081/?ref=category_feed&referral_code=undefined&referral_story_type=listing&tracking=%7B%22qid%22%3A%22-8141486814861231854%22%2C%22mf_story_key%22%3A%2225173653908908202%22%2C%22commerce_rank_obj%22%3A%22%7B%5C%22target_id%5C%22%3A25173653908908202%2C%5C%22target_type%5C%22%3A0%2C%5C%22primary_position%5C%22%3A4%2C%5C%22ranking_signature%5C%22%3A4900942852639016989%2C%5C%22ranking_request_id%5C%22%3A5685202768989015638%2C%5C%22commerce_channel%5C%22%3A504%2C%5C%22value%5C%22%3A0.00035625899909064%2C%5C%22candidate_retrieval_source_map%5C%22%3A%7B%5C%2225173653908908202%5C%22%3A111%7D%7D%22%7D&__tn__=!%3AD","https://scontent.fsyd14-1.fna.fbcdn.net/v/t39.30808-6/557242726_122259735470227786_3991545890444898080_n.jpg?stp=c448.0.1152.1152a_dst-jpg_s261x260_tt6&_nc_cat=100&ccb=1-7&_nc_sid=454cf4&_nc_ohc=4BlI8m6HU_MQ7kNvwGL4YYT&_nc_oc=Adk2CfKh0qirJa7h_2AaumFzX1_c-YVwz_ZFTUSE_R3ypl0wepDIN8hx5Hhe_NjIfSs&_nc_zt=23&_nc_ht=scontent.fsyd14-1.fna&_nc_gid=suZcdUoq3eTv8d8a7V2dRg&oh=00_AffHUf1fRiEaqmZ0LuZvD9r8Z7oMDyszbeijns5R6aEqJw&oe=68F60CAE","AU$9,000","AU$10,000","2015 Volkswagen golf","Sydney, NSW","211K km"
"https://www.facebook.com/marketplace/item/1950327685536636/?ref=category_feed&referral_code=undefined&referral_story_type=listing&tracking=%7B%22qid%22%3A%22-8141486814861231854%22%2C%22mf_story_key%22%3A%2224946338478295249%22%2C%22commerce_rank_obj%22%3A%22%7B%5C%22target_id%5C%22%3A24946338478295249%2C%5C%22target_type%5C%22%3A0%2C%5C%22primary_position%5C%22%3A5%2C%5C%22ranking_signature%5C%22%3A4900942852639016989%2C%5C%22ranking_request_id%5C%22%3A5685202768989015638%2C%5C%22commerce_channel%5C%22%3A504%2C%5C%22value%5C%22%3A0.0005020551616326%2C%5C%22candidate_retrieval_source_map%5C%22%3A%7B%5C%2224946338478295249%5C%22%3A111%7D%7D%22%7D&__tn__=!%3AD","https://scontent.fsyd14-1.fna.fbcdn.net/v/t39.30808-6/554545142_3748037885497015_7375582943054163305_n.jpg?stp=c0.169.1536.1536a_dst-jpg_s261x260_tt6&_nc_cat=100&ccb=1-7&_nc_sid=454cf4&_nc_ohc=W-y7NXCF9vsQ7kNvwGKzf8e&_nc_oc=Adn7xHJ4ZUkHC50gUuN146-cNmxm7bcq6mWlRh1sAFkwMbaqho1L4AJNBcJSWKEnBJo&_nc_zt=23&_nc_ht=scontent.fsyd14-1.fna&_nc_gid=suZcdUoq3eTv8d8a7V2dRg&oh=00_AfeK0gyabSvtIJOPQjlg89cg894ANZlObupXNfgJ5MYxIg&oe=68F5FA06","AU$15,500","AU$17,000","2014 Volkswagen golf","Sydney, NSW","162K km"
"https://www.facebook.com/marketplace/item/792923186849855/?ref=category_feed&referral_code=undefined&referral_story_type=listing&tracking=%7B%22qid%22%3A%22-8141486814861231854%22%2C%22mf_story_key%22%3A%2231892163310429199%22%2C%22commerce_rank_obj%22%3A%22%7B%5C%22target_id%5C%22%3A31892163310429199%2C%5C%22target_type%5C%22%3A0%2C%5C%22primary_position%5C%22%3A6%2C%5C%22ranking_signature%5C%22%3A4900942852639016989%2C%5C%22ranking_request_id%5C%22%3A5685202768989015638%2C%5C%22commerce_channel%5C%22%3A504%2C%5C%22value%5C%22%3A0.0004619222600013%2C%5C%22candidate_retrieval_source_map%5C%22%3A%7B%5C%2231892163310429199%5C%22%3A111%7D%7D%22%7D&__tn__=!%3AD","https://scontent.fsyd14-1.fna.fbcdn.net/v/t39.30808-6/557161292_2060592827805414_1133282689860405212_n.jpg?stp=c448.0.1153.1153a_dst-jpg_s261x260_tt6&_nc_cat=102&ccb=1-7&_nc_sid=454cf4&_nc_ohc=8kWXNuy3zUYQ7kNvwF1j1sH&_nc_oc=Adlob3sviff-5nKm0N90iiJBCo4KCarZGOX1HLcyRBzV9DW7d_c8C254GRGUVjI2nNE&_nc_zt=23&_nc_ht=scontent.fsyd14-1.fna&_nc_gid=suZcdUoq3eTv8d8a7V2dRg&oh=00_AfehL9tXrl0Doly2sXibOp9Y43rJ9mJVIBer2BWIN99y2g&oe=68F6269B","AU$17,600","AU$18,599","2014 Volkswagen golf","Sydney, NSW","127K km"
"https://www.facebook.com/marketplace/item/847256791199974/?ref=category_feed&referral_code=undefined&referral_story_type=listing&tracking=%7B%22qid%22%3A%22-8141486814861231854%22%2C%22mf_story_key%22%3A%2225808922012031438%22%2C%22commerce_rank_obj%22%3A%22%7B%5C%22target_id%5C%22%3A25808922012031438%2C%5C%22target_type%5C%22%3A0%2C%5C%22primary_position%5C%22%3A7%2C%5C%22ranking_signature%5C%22%3A4900942852639016989%2C%5C%22ranking_request_id%5C%22%3A5685202768989015638%2C%5C%22commerce_channel%5C%22%3A504%2C%5C%22value%5C%22%3A0.00032878573983908%2C%5C%22candidate_retrieval_source_map%5C%22%3A%7B%5C%2225808922012031438%5C%22%3A111%7D%7D%22%7D&__tn__=!%3AD","https://scontent.fsyd14-1.fna.fbcdn.net/v/t39.30808-6/557360670_2369154770149549_2157914953967078003_n.jpg?stp=c0.169.1537.1537a_dst-jpg_s261x260_tt6&_nc_cat=104&ccb=1-7&_nc_sid=946e27&_nc_ohc=PxIaObCKDUIQ7kNvwFugXcN&_nc_oc=AdlJahuCYri9dFvINR_RsDREeDbR2DVQuQxvBaEarZnK_hXXxn8eaNc4s47CWvzIgU8&_nc_zt=23&_nc_ht=scontent.fsyd14-1.fna&_nc_gid=suZcdUoq3eTv8d8a7V2dRg&oh=00_AfcbTKhSeK2KR1qKEmXXaDfoMjXIej4wZ-VwtU-Vrf_CnQ&oe=68F5F627","AU$19,000","AU$22,000","2017 Volkswagen golf","Sydney, NSW","170K km"
"https://www.facebook.com/marketplace/item/32272422355689588/?ref=category_feed&referral_code=undefined&referral_story_type=listing&tracking=%7B%22qid%22%3A%22-8141486814861231854%22%2C%22mf_story_key%22%3A%2225594956076829419%22%2C%22commerce_rank_obj%22%3A%22%7B%5C%22target_id%5C%22%3A25594956076829419%2C%5C%22target_type%5C%22%3A0%2C%5C%22primary_position%5C%22%3A9%2C%5C%22ranking_signature%5C%22%3A4900942852639016989%2C%5C%22ranking_request_id%5C%22%3A5685202768989015638%2C%5C%22commerce_channel%5C%22%3A504%2C%5C%22value%5C%22%3A0.00048010264552783%2C%5C%22candidate_retrieval_source_map%5C%22%3A%7B%5C%2225594956076829419%5C%22%3A111%7D%7D%22%7D&__tn__=!%3AD","https://scontent.fsyd14-1.fna.fbcdn.net/v/t39.30808-6/561467417_4102759550005783_6337097247126128739_n.jpg?stp=c0.295.1153.1153a_dst-jpg_s261x260_tt6&_nc_cat=105&ccb=1-7&_nc_sid=454cf4&_nc_ohc=NcOvLOzVh1gQ7kNvwGoIXD5&_nc_oc=AdlY1ubiTeeKMDOXCcRAeG3sfzfxQmg9FVf5J2imNcAU53S1-pWQJlJRFC4ZWsNURw0&_nc_zt=23&_nc_ht=scontent.fsyd14-1.fna&_nc_gid=suZcdUoq3eTv8d8a7V2dRg&oh=00_AffquT_KqB39jV2x_H9Qwxqjj7kkD-NlrY45JSsZduohBg&oe=68F6115C","AU$12,000","","2014 Volkswagen golf","Sydney, NSW","130K km"
"https://www.facebook.com/marketplace/item/1496416231402556/?ref=category_feed&referral_code=undefined&referral_story_type=listing&tracking=%7B%22qid%22%3A%22-8141486814861231854%22%2C%22mf_story_key%22%3A%2224819050534424260%22%2C%22commerce_rank_obj%22%3A%22%7B%5C%22target_id%5C%22%3A24819050534424260%2C%5C%22target_type%5C%22%3A0%2C%5C%22primary_position%5C%22%3A10%2C%5C%22ranking_signature%5C%22%3A4900942852639016989%2C%5C%22ranking_request_id%5C%22%3A5685202768989015638%2C%5C%22commerce_channel%5C%22%3A504%2C%5C%22value%5C%22%3A0.00037723008426838%2C%5C%22candidate_retrieval_source_map%5C%22%3A%7B%5C%2224819050534424260%5C%22%3A111%7D%7D%22%7D&__tn__=!%3AD","https://scontent.fsyd14-1.fna.fbcdn.net/v/t39.30808-6/558512731_1495729901551352_3650530809141689024_n.jpg?stp=c0.169.1537.1537a_dst-jpg_s261x260_tt6&_nc_cat=102&ccb=1-7&_nc_sid=454cf4&_nc_ohc=5An8Mfe7MmUQ7kNvwGw29K4&_nc_oc=AdmrBxtUTlScutizqX1h_-2sczUfBSUoTx9LF_PoU82BAt_IFbG8MaBUy-6YgUwqna8&_nc_zt=23&_nc_ht=scontent.fsyd14-1.fna&_nc_gid=suZcdUoq3eTv8d8a7V2dRg&oh=00_AfccB3dx3f1itYV2LweRrCsz4A48Um3s5t1f60M0ii87_w&oe=68F60713","AU$24,000","","2014 Volkswagen golf","Sydney, NSW","110K km"
"https://www.facebook.com/marketplace/item/1423901185379816/?ref=category_feed&referral_code=undefined&referral_story_type=listing&tracking=%7B%22qid%22%3A%22-8141486814861231854%22%2C%22mf_story_key%22%3A%2224676946368639978%22%2C%22commerce_rank_obj%22%3A%22%7B%5C%22target_id%5C%22%3A24676946368639978%2C%5C%22target_type%5C%22%3A0%2C%5C%22primary_position%5C%22%3A11%2C%5C%22ranking_signature%5C%22%3A4900942852639016989%2C%5C%22ranking_request_id%5C%22%3A5685202768989015638%2C%5C%22commerce_channel%5C%22%3A504%2C%5C%22value%5C%22%3A0.00035564505378716%2C%5C%22candidate_retrieval_source_map%5C%22%3A%7B%5C%2224676946368639978%5C%22%3A111%7D%7D%22%7D&__tn__=!%3AD","https://scontent.fsyd14-1.fna.fbcdn.net/v/t39.30808-6/557672069_122142950774821184_8149961966393240992_n.jpg?stp=c256.0.1536.1536a_dst-jpg_s261x260_tt6&_nc_cat=107&ccb=1-7&_nc_sid=454cf4&_nc_ohc=vH_kcKH3OSoQ7kNvwHa4KMw&_nc_oc=Adnpr9WDT46wcHtPS867V7YzbJpQU0JQP2jz53rulpJV7YociZsn1_9diJ4HaspoE1U&_nc_zt=23&_nc_ht=scontent.fsyd14-1.fna&_nc_gid=suZcdUoq3eTv8d8a7V2dRg&oh=00_AfciB0qDN6gbgB0wkx4Ug1k_Mhik69Gn8X4xyIpFii7z_Q&oe=68F623CE","AU$22,500","","2019 Volkswagen golf","Sydney, NSW","105K km"
"https://www.facebook.com/marketplace/item/1134918842175499/?ref=category_feed&referral_code=undefined&referral_story_type=listing&tracking=%7B%22qid%22%3A%22-8141486814861231854%22%2C%22mf_story_key%22%3A%2224879128135107802%22%2C%22commerce_rank_obj%22%3A%22%7B%5C%22target_id%5C%22%3A24879128135107802%2C%5C%22target_type%5C%22%3A0%2C%5C%22primary_position%5C%22%3A12%2C%5C%22ranking_signature%5C%22%3A4900942852639016989%2C%5C%22ranking_request_id%5C%22%3A5685202768989015638%2C%5C%22commerce_channel%5C%22%3A504%2C%5C%22value%5C%22%3A0.0004006800299976%2C%5C%22candidate_retrieval_source_map%5C%22%3A%7B%5C%2224879128135107802%5C%22%3A111%7D%7D%22%7D&__tn__=!%3AD","https://scontent.fsyd14-1.fna.fbcdn.net/v/t39.30808-6/560911566_10162400691578440_55326033277854104_n.jpg?stp=c0.139.1320.1320a_dst-jpg_s261x260_tt6&_nc_cat=105&ccb=1-7&_nc_sid=454cf4&_nc_ohc=Ur5-2t7z4j0Q7kNvwHY-EmO&_nc_oc=AdmYqxLU3b-aWJpq9Qu0tDwjq05dtnXz3kuqnDYNnjDf_iMkz1-Jb7ZZhVTcBb8GHR8&_nc_zt=23&_nc_ht=scontent.fsyd14-1.fna&_nc_gid=suZcdUoq3eTv8d8a7V2dRg&oh=00_AffEmzYH2JDSg9-nYPq-gIRJtgRxQcbAcyjnsfflU1cPfw&oe=68F61B04","AU$25,500","","2017 Volkswagen golf","Sydney, NSW","103K km"
"https://www.facebook.com/marketplace/item/2728662964131764/?ref=category_feed&referral_code=undefined&referral_story_type=listing&tracking=%7B%22qid%22%3A%22-8141486814861231854%22%2C%22mf_story_key%22%3A%2232249957944620181%22%2C%22commerce_rank_obj%22%3A%22%7B%5C%22target_id%5C%22%3A32249957944620181%2C%5C%22target_type%5C%22%3A0%2C%5C%22primary_position%5C%22%3A13%2C%5C%22ranking_signature%5C%22%3A4900942852639016989%2C%5C%22ranking_request_id%5C%22%3A5685202768989015638%2C%5C%22commerce_channel%5C%22%3A504%2C%5C%22value%5C%22%3A0.00036980147706345%2C%5C%22candidate_retrieval_source_map%5C%22%3A%7B%5C%2232249957944620181%5C%22%3A111%7D%7D%22%7D&__tn__=!%3AD","https://scontent.fsyd14-1.fna.fbcdn.net/v/t39.30808-6/559398375_1738842326966924_6102006137155980087_n.jpg?stp=c0.129.1170.1170a_dst-jpg_s261x260_tt6&_nc_cat=109&ccb=1-7&_nc_sid=454cf4&_nc_ohc=D1KGLNJ-jzMQ7kNvwG35qvS&_nc_oc=Adnju05rf_DjCx1T7385r3uDCvU6inUdRbkXpjX3UI_tRlZ6SxknvOWmTGTDM9S0xhE&_nc_zt=23&_nc_ht=scontent.fsyd14-1.fna&_nc_gid=suZcdUoq3eTv8d8a7V2dRg&oh=00_Afe03nykcpOtuX03JqOm7fIKkzrUK7zVYItUOAa5bVj4Lg&oe=68F619DD","AU$20,000","","2015 Volkswagen golf","Sydney, NSW","80K km"
"https://www.facebook.com/marketplace/item/1851860329018315/?ref=category_feed&referral_code=undefined&referral_story_type=listing&tracking=%7B%22qid%22%3A%22-8141486814861231854%22%2C%22mf_story_key%22%3A%2224682777288051930%22%2C%22commerce_rank_obj%22%3A%22%7B%5C%22target_id%5C%22%3A24682777288051930%2C%5C%22target_type%5C%22%3A0%2C%5C%22primary_position%5C%22%3A14%2C%5C%22ranking_signature%5C%22%3A4900942852639016989%2C%5C%22ranking_request_id%5C%22%3A5685202768989015638%2C%5C%22commerce_channel%5C%22%3A504%2C%5C%22value%5C%22%3A0.00048009764552783%2C%5C%22candidate_retrieval_source_map%5C%22%3A%7B%5C%2224682777288051930%5C%22%3A111%7D%7D%22%7D&__tn__=!%3AD","https://scontent.fsyd14-1.fna.fbcdn.net/v/t39.30808-6/560610340_2250718142094483_6029464492987851567_n.jpg?stp=c0.169.1536.1536a_dst-jpg_s261x260_tt6&_nc_cat=110&ccb=1-7&_nc_sid=454cf4&_nc_ohc=_BCXfndKP4IQ7kNvwGehvkk&_nc_oc=AdldRs5AQ2aiirU0CjB00BDcJoLCGFO2zBZTMkUlfPMEEFVAENGNW4v6MgizJScVDp8&_nc_zt=23&_nc_ht=scontent.fsyd14-1.fna&_nc_gid=suZcdUoq3eTv8d8a7V2dRg&oh=00_AfefdgxahEp9wqFLCkv2-p4wFx9hbVCKtQCZicTtLPn_qQ&oe=68F60C52","AU$8,500","","2015 Volkswagen golf","Sydney, NSW","151K km"
"https://www.facebook.com/marketplace/item/823322970091306/?ref=category_feed&referral_code=undefined&referral_story_type=listing&tracking=%7B%22qid%22%3A%22-8141486814861231854%22%2C%22mf_story_key%22%3A%2224844439495242853%22%2C%22commerce_rank_obj%22%3A%22%7B%5C%22target_id%5C%22%3A24844439495242853%2C%5C%22target_type%5C%22%3A0%2C%5C%22primary_position%5C%22%3A16%2C%5C%22ranking_signature%5C%22%3A4900942852639016989%2C%5C%22ranking_request_id%5C%22%3A5685202768989015638%2C%5C%22commerce_channel%5C%22%3A504%2C%5C%22value%5C%22%3A0.00046485249349671%2C%5C%22candidate_retrieval_source_map%5C%22%3A%7B%5C%2224844439495242853%5C%22%3A111%7D%7D%22%7D&__tn__=!%3AD","https://scontent.fsyd14-1.fna.fbcdn.net/v/t39.30808-6/558375549_25382744274642278_5383055942937655239_n.jpg?stp=c0.169.1537.1537a_dst-jpg_s261x260_tt6&_nc_cat=108&ccb=1-7&_nc_sid=454cf4&_nc_ohc=lRkQdTqaHj0Q7kNvwFj7t1M&_nc_oc=AdmHz5NChHXZzugkPZKp3TCmo1ostNnn_gVLNXfDbMAVt7ZS_GFk1Il5M3GrAALWr9I&_nc_zt=23&_nc_ht=scontent.fsyd14-1.fna&_nc_gid=suZcdUoq3eTv8d8a7V2dRg&oh=00_AfdEYW9tIm-meOnTPBaEOhgbn-Lj1haWbTl3w1JjDMeeQg&oe=68F5F81B","AU$13,500","AU$15,000","2014 Volkswagen golf","Picton, NSW","157K km"
"https://www.facebook.com/marketplace/item/2242454206273301/?ref=category_feed&referral_code=undefined&referral_story_type=listing&tracking=%7B%22qid%22%3A%22-8141486814861231854%22%2C%22mf_story_key%22%3A%2225400231202913342%22%2C%22commerce_rank_obj%22%3A%22%7B%5C%22target_id%5C%22%3A25400231202913342%2C%5C%22target_type%5C%22%3A0%2C%5C%22primary_position%5C%22%3A17%2C%5C%22ranking_signature%5C%22%3A4900942852639016989%2C%5C%22ranking_request_id%5C%22%3A5685202768989015638%2C%5C%22commerce_channel%5C%22%3A504%2C%5C%22value%5C%22%3A0.00045855293567066%2C%5C%22candidate_retrieval_source_map%5C%22%3A%7B%5C%2225400231202913342%5C%22%3A111%7D%7D%22%7D&__tn__=!%3AD","https://scontent.fsyd14-1.fna.fbcdn.net/v/t39.30808-6/552837218_122157801320651284_4291857141662311141_n.jpg?stp=c0.169.1537.1537a_dst-jpg_s261x260_tt6&_nc_cat=108&ccb=1-7&_nc_sid=454cf4&_nc_ohc=tDJyFgUCv0MQ7kNvwGigmEb&_nc_oc=AdnT1tKmuIqt-BYs24rmwpZgnqpigh-fUoCnSXedrclp_urRhoLdnjs70DXZrkIUlnw&_nc_zt=23&_nc_ht=scontent.fsyd14-1.fna&_nc_gid=suZcdUoq3eTv8d8a7V2dRg&oh=00_AfdXzKbBJIwpf5-bEwNTQ7r2Uw8YBuRnLviBnY3YwLIoAw&oe=68F60C65","AU$18,000","","2014 Volkswagen golf","Sydney, NSW","173K km"
"https://www.facebook.com/marketplace/item/1130060019334918/?ref=category_feed&referral_code=undefined&referral_story_type=listing&tracking=%7B%22qid%22%3A%22-8141486814861231854%22%2C%22mf_story_key%22%3A%2231466875026292818%22%2C%22commerce_rank_obj%22%3A%22%7B%5C%22target_id%5C%22%3A31466875026292818%2C%5C%22target_type%5C%22%3A0%2C%5C%22primary_position%5C%22%3A18%2C%5C%22ranking_signature%5C%22%3A4900942852639016989%2C%5C%22ranking_request_id%5C%22%3A5685202768989015638%2C%5C%22commerce_channel%5C%22%3A504%2C%5C%22value%5C%22%3A0.00045539123563017%2C%5C%22candidate_retrieval_source_map%5C%22%3A%7B%5C%2231466875026292818%5C%22%3A111%7D%7D%22%7D&__tn__=!%3AD","https://scontent.fsyd14-1.fna.fbcdn.net/v/t39.30808-6/548942643_122137749128876938_7162778229105779295_n.jpg?stp=c256.0.1536.1536a_dst-jpg_s261x260_tt6&_nc_cat=106&ccb=1-7&_nc_sid=454cf4&_nc_ohc=vmrRj3XcvosQ7kNvwHrndmr&_nc_oc=Adl5xUbo_E3Dav45EPDfPSj4vZo-YR87b-UeBInmNV5Qd0Tl5w-Wx9gq3OgYOjnveX0&_nc_zt=23&_nc_ht=scontent.fsyd14-1.fna&_nc_gid=suZcdUoq3eTv8d8a7V2dRg&oh=00_Afe2-nM1VD-b_OXJwVU80KGJXoAVbZ93YqatJh2VAMBQBA&oe=68F6246E","AU$6,000","AU$6,900","2014 Volkswagen golf","Sydney, NSW","261K km"
"https://www.facebook.com/marketplace/item/4144306589171548/?ref=category_feed&referral_code=undefined&referral_story_type=listing&tracking=%7B%22qid%22%3A%22-8141486814861231854%22%2C%22mf_story_key%22%3A%2224908627392066409%22%2C%22commerce_rank_obj%22%3A%22%7B%5C%22target_id%5C%22%3A24908627392066409%2C%5C%22target_type%5C%22%3A0%2C%5C%22primary_position%5C%22%3A19%2C%5C%22ranking_signature%5C%22%3A4900942852639016989%2C%5C%22ranking_request_id%5C%22%3A5685202768989015638%2C%5C%22commerce_channel%5C%22%3A504%2C%5C%22value%5C%22%3A0.00044424836545936%2C%5C%22candidate_retrieval_source_map%5C%22%3A%7B%5C%2224908627392066409%5C%22%3A111%7D%7D%22%7D&__tn__=!%3AD","https://scontent.fsyd14-1.fna.fbcdn.net/v/t39.30808-6/559719432_10161515148926646_6708627087013121726_n.jpg?stp=c0.169.1536.1536a_dst-jpg_s261x260_tt6&_nc_cat=104&ccb=1-7&_nc_sid=454cf4&_nc_ohc=P7KT2-77AQoQ7kNvwHfkCrp&_nc_oc=Adn4fmY_G0kvVyEbhhcYIspXz4oCmXnfSLX7nby3yH5jNXiCIWsUTOlDQg4KLRyh_0k&_nc_zt=23&_nc_ht=scontent.fsyd14-1.fna&_nc_gid=suZcdUoq3eTv8d8a7V2dRg&oh=00_Afc12yIyyzM0FgLtpVdetmJPTnGThBUdXToEgkTBFaICdA&oe=68F62674","AU$12,500","","2016 Volkswagen golf","Sydney, NSW","143K km"
"https://www.facebook.com/marketplace/item/1488666385777187/?ref=category_feed&referral_code=undefined&referral_story_type=listing&tracking=%7B%22qid%22%3A%22-8141486814861231854%22%2C%22mf_story_key%22%3A%2225649877164615114%22%2C%22commerce_rank_obj%22%3A%22%7B%5C%22target_id%5C%22%3A25649877164615114%2C%5C%22target_type%5C%22%3A0%2C%5C%22primary_position%5C%22%3A20%2C%5C%22ranking_signature%5C%22%3A4900942852639016989%2C%5C%22ranking_request_id%5C%22%3A5685202768989015638%2C%5C%22commerce_channel%5C%22%3A504%2C%5C%22value%5C%22%3A0.00043766510364843%2C%5C%22candidate_retrieval_source_map%5C%22%3A%7B%5C%2225649877164615114%5C%22%3A111%7D%7D%22%7D&__tn__=!%3AD","https://scontent.fsyd14-1.fna.fbcdn.net/v/t39.30808-6/562273887_1889804045250390_4810650539087921025_n.jpg?stp=c0.169.1537.1537a_dst-jpg_s261x260_tt6&_nc_cat=110&ccb=1-7&_nc_sid=454cf4&_nc_ohc=TD0lg0QH3PgQ7kNvwHgX3sk&_nc_oc=Adl4M9EtMrKF8GFzsRGtGFFbTVkJopI09nLEEMlxdiDiCo6NI8ZlVKR_FhQ5Jccrm4k&_nc_zt=23&_nc_ht=scontent.fsyd14-1.fna&_nc_gid=suZcdUoq3eTv8d8a7V2dRg&oh=00_AfeCEjBvCXBDDBl8XiUWGsUt9Hg-FXezkAn796nftYceyw&oe=68F618F1","AU$13,000","","2018 Volkswagen golf","Mittagong, NSW","183K km"
"https://www.facebook.com/marketplace/item/2729168430754733/?ref=category_feed&referral_code=undefined&referral_story_type=listing&tracking=%7B%22qid%22%3A%22-8141486814861231854%22%2C%22mf_story_key%22%3A%2224784345891220950%22%2C%22commerce_rank_obj%22%3A%22%7B%5C%22target_id%5C%22%3A24784345891220950%2C%5C%22target_type%5C%22%3A0%2C%5C%22primary_position%5C%22%3A21%2C%5C%22ranking_signature%5C%22%3A4900942852639016989%2C%5C%22ranking_request_id%5C%22%3A5685202768989015638%2C%5C%22commerce_channel%5C%22%3A504%2C%5C%22value%5C%22%3A0.00043740386041252%2C%5C%22candidate_retrieval_source_map%5C%22%3A%7B%5C%2224784345891220950%5C%22%3A111%7D%7D%22%7D&__tn__=!%3AD","https://scontent.fsyd14-1.fna.fbcdn.net/v/t39.30808-6/560578903_10234273657356431_2288652237310081489_n.jpg?stp=c256.0.1536.1536a_dst-jpg_s261x260_tt6&_nc_cat=107&ccb=1-7&_nc_sid=454cf4&_nc_ohc=Rdp2LJzkhEwQ7kNvwHfeOYC&_nc_oc=AdnRGlOUDAgXd28cunHSk4MA844xlhsFFEG6Lr9sgODMTJzh-2reldAE8J09GcETSyk&_nc_zt=23&_nc_ht=scontent.fsyd14-1.fna&_nc_gid=suZcdUoq3eTv8d8a7V2dRg&oh=00_AfdN-l8bWAthWQTSe7wMLgprIweJMiiEkux1dd5qcGV8FQ&oe=68F5FD74","AU$17,800","","2018 Volkswagen golf","Sydney, NSW","61K km"
"https://www.facebook.com/marketplace/item/25265566159693660/?ref=category_feed&referral_code=undefined&referral_story_type=listing&tracking=%7B%22qid%22%3A%22-8141486814861231854%22%2C%22mf_story_key%22%3A%2224544278701923599%22%2C%22commerce_rank_obj%22%3A%22%7B%5C%22target_id%5C%22%3A24544278701923599%2C%5C%22target_type%5C%22%3A0%2C%5C%22primary_position%5C%22%3A22%2C%5C%22ranking_signature%5C%22%3A4900942852639016989%2C%5C%22ranking_request_id%5C%22%3A5685202768989015638%2C%5C%22commerce_channel%5C%22%3A504%2C%5C%22value%5C%22%3A0.00042698651876636%2C%5C%22candidate_retrieval_source_map%5C%22%3A%7B%5C%2224544278701923599%5C%22%3A111%7D%7D%22%7D&__tn__=!%3AD","https://scontent.fsyd14-1.fna.fbcdn.net/v/t39.30808-6/560549083_10162507442524405_310581197255541779_n.jpg?stp=c256.0.1537.1537a_dst-jpg_s261x260_tt6&_nc_cat=101&ccb=1-7&_nc_sid=454cf4&_nc_ohc=9ewEfE6a09QQ7kNvwG6Q2ny&_nc_oc=AdlQkOFyFv6BU2v0AM_ff2EM_C2t5nfI7Ge8kPWrxK7CSTOYehDizsAhK6WACns7eDw&_nc_zt=23&_nc_ht=scontent.fsyd14-1.fna&_nc_gid=suZcdUoq3eTv8d8a7V2dRg&oh=00_AfeSAzBVaDGQc5z9Ii4-SRxwjS6uWG-mRtTaUdodByBv6A&oe=68F5F5F2","AU$14,500","","2018 Volkswagen golf","Wollongong, NSW","151K km"
"https://www.facebook.com/marketplace/item/3688284624634775/?ref=category_feed&referral_code=undefined&referral_story_type=listing&tracking=%7B%22qid%22%3A%22-8141486814861231854%22%2C%22mf_story_key%22%3A%2232099200333028520%22%2C%22commerce_rank_obj%22%3A%22%7B%5C%22target_id%5C%22%3A32099200333028520%2C%5C%22target_type%5C%22%3A0%2C%5C%22primary_position%5C%22%3A23%2C%5C%22ranking_signature%5C%22%3A4900942852639016989%2C%5C%22ranking_request_id%5C%22%3A5685202768989015638%2C%5C%22commerce_channel%5C%22%3A504%2C%5C%22value%5C%22%3A0.00042667149161493%2C%5C%22candidate_retrieval_source_map%5C%22%3A%7B%5C%2232099200333028520%5C%22%3A111%7D%7D%22%7D&__tn__=!%3AD","https://scontent.fsyd14-1.fna.fbcdn.net/v/t39.30808-6/561339484_122237462378162437_5090611210813034342_n.jpg?stp=c0.416.1080.1080a_dst-jpg_s261x260_tt6&_nc_cat=107&ccb=1-7&_nc_sid=454cf4&_nc_ohc=Tb8j2uTGPNoQ7kNvwFo5j4-&_nc_oc=AdmcPC2CtnHiR0KWRSgXPCGBihVXED8nXrGhbCeho6hOXHVFzRu45hzNotLK-l0HXAI&_nc_zt=23&_nc_ht=scontent.fsyd14-1.fna&_nc_gid=suZcdUoq3eTv8d8a7V2dRg&oh=00_Afc_k3vxAu9UEZlGZ56ZmRIMoEH68zXsI9W0vUxrOcntDQ&oe=68F613E9","AU$13,888","","2017 Volkswagen golf","Central Coast, NSW","184K km"
"https://www.facebook.com/marketplace/item/3893871887529720/?ref=category_feed&referral_code=undefined&referral_story_type=listing&tracking=%7B%22qid%22%3A%22-8141486814861231854%22%2C%22mf_story_key%22%3A%228007005599424015%22%2C%22commerce_rank_obj%22%3A%22%7B%5C%22target_id%5C%22%3A8007005599424015%2C%5C%22target_type%5C%22%3A0%2C%5C%22primary_position%5C%22%3A25%2C%5C%22ranking_signature%5C%22%3A4900942852639016989%2C%5C%22ranking_request_id%5C%22%3A5685202768989015638%2C%5C%22commerce_channel%5C%22%3A504%2C%5C%22value%5C%22%3A0.00041112679018655%2C%5C%22candidate_retrieval_source_map%5C%22%3A%7B%5C%228007005599424015%5C%22%3A111%7D%7D%22%7D&__tn__=!%3AD","https://scontent.fsyd14-1.fna.fbcdn.net/v/t39.30808-6/495375377_1773178473620615_7317407248500438322_n.jpg?stp=c0.169.1536.1536a_dst-jpg_s261x260_tt6&_nc_cat=106&ccb=1-7&_nc_sid=454cf4&_nc_ohc=B82LdfeLPGMQ7kNvwFmBAIj&_nc_oc=AdlhI5MAWYXMXTh9e6BB_mE2Qyt3eA4-k7Wdcbmq3HfDTrXZvEKYloJ3W_VorT6q1E0&_nc_zt=23&_nc_ht=scontent.fsyd14-1.fna&_nc_gid=suZcdUoq3eTv8d8a7V2dRg&oh=00_Afe0ghYH0uoAIqUWTo3RTf_HUAhBem3He8CjGoEyjhvnIA&oe=68F615A9","AU$16,500","AU$18,500","2015 Volkswagen golf","Sydney, NSW","125K km"
"https://www.facebook.com/marketplace/item/769608155979411/?ref=category_feed&referral_code=undefined&referral_story_type=listing&tracking=%7B%22qid%22%3A%22-8141486814861231854%22%2C%22mf_story_key%22%3A%2225578842598385075%22%2C%22commerce_rank_obj%22%3A%22%7B%5C%22target_id%5C%22%3A25578842598385075%2C%5C%22target_type%5C%22%3A0%2C%5C%22primary_position%5C%22%3A26%2C%5C%22ranking_signature%5C%22%3A4900942852639016989%2C%5C%22ranking_request_id%5C%22%3A5685202768989015638%2C%5C%22commerce_channel%5C%22%3A504%2C%5C%22value%5C%22%3A0.00041002648233931%2C%5C%22candidate_retrieval_source_map%5C%22%3A%7B%5C%2225578842598385075%5C%22%3A111%7D%7D%22%7D&__tn__=!%3AD","https://scontent.fsyd14-1.fna.fbcdn.net/v/t39.30808-6/558669430_10239310483286311_5414621627627245004_n.jpg?stp=c256.0.1537.1537a_dst-jpg_s261x260_tt6&_nc_cat=103&ccb=1-7&_nc_sid=454cf4&_nc_ohc=SHSIdBvX-dcQ7kNvwEAZrDb&_nc_oc=Adk4n1m4_VPTLKmU1yBLyQ99ZSAbHqCPoMBSoBmUKumiy76akWkHlcuwoL_NS1-E1mg&_nc_zt=23&_nc_ht=scontent.fsyd14-1.fna&_nc_gid=suZcdUoq3eTv8d8a7V2dRg&oh=00_AfdwPd_Y8UOdQmEEdqD_d2NsP0A906v3y3cg9lrQBQ2sVw&oe=68F5F912","AU$4,000","","2014 Volkswagen golf","Sydney, NSW","320K km"
"https://www.facebook.com/marketplace/item/1465128404770263/?ref=category_feed&referral_code=undefined&referral_story_type=listing&tracking=%7B%22qid%22%3A%22-8141480355234196720%22%2C%22mf_story_key%22%3A%2224761354810219183%22%2C%22commerce_rank_obj%22%3A%22%7B%5C%22target_id%5C%22%3A24761354810219183%2C%5C%22target_type%5C%22%3A0%2C%5C%22primary_position%5C%22%3A28%2C%5C%22ranking_signature%5C%22%3A4900942852639016989%2C%5C%22ranking_request_id%5C%22%3A5685202768989015638%2C%5C%22commerce_channel%5C%22%3A504%2C%5C%22value%5C%22%3A0.00040054479090212%2C%5C%22candidate_retrieval_source_map%5C%22%3A%7B%5C%2224761354810219183%5C%22%3A111%7D%7D%22%7D&__tn__=!%3AD","https://scontent.fsyd14-1.fna.fbcdn.net/v/t39.30808-6/557710654_1346198670269745_155584601048505473_n.jpg?stp=c0.66.600.600a_dst-jpg_s261x260_tt6&_nc_cat=109&ccb=1-7&_nc_sid=946e27&_nc_ohc=b_fcVPO5pncQ7kNvwFwR7tn&_nc_oc=AdmmTBtokx-wuC7FZQx73VJDD3YU4_RcweA8bQXYRd-I9LWKXUXTwFgSLFfufrr_XGc&_nc_zt=23&_nc_ht=scontent.fsyd14-1.fna&_nc_gid=cVvGCC7K1YqeHK4C_2CyBg&oh=00_AfeKNM-k08l8EpUSNyNsrGjIhmvyI865PmAjsrVShkS_2A&oe=68F61159","AU$16,200","AU$17,000","2017 Volkswagen golf","Sydney, NSW","170K km"
"https://www.facebook.com/marketplace/item/1314976533633425/?ref=category_feed&referral_code=undefined&referral_story_type=listing&tracking=%7B%22qid%22%3A%22-8141480355234196720%22%2C%22mf_story_key%22%3A%2224597925829866848%22%2C%22commerce_rank_obj%22%3A%22%7B%5C%22target_id%5C%22%3A24597925829866848%2C%5C%22target_type%5C%22%3A0%2C%5C%22primary_position%5C%22%3A32%2C%5C%22ranking_signature%5C%22%3A4900942852639016989%2C%5C%22ranking_request_id%5C%22%3A5685202768989015638%2C%5C%22commerce_channel%5C%22%3A504%2C%5C%22value%5C%22%3A0.00038432740580247%2C%5C%22candidate_retrieval_source_map%5C%22%3A%7B%5C%2224597925829866848%5C%22%3A111%7D%7D%22%7D&__tn__=!%3AD","https://scontent.fsyd14-1.fna.fbcdn.net/v/t39.30808-6/555962095_1351698029681681_5147642705356111339_n.jpg?stp=c256.0.1536.1536a_dst-jpg_s261x260_tt6&_nc_cat=103&ccb=1-7&_nc_sid=454cf4&_nc_ohc=SP4jpr3dLScQ7kNvwGYNA6B&_nc_oc=AdkEuIHTpErfvxQZXyPWFTuMfPyja7_SlxGZ1ghtVUdCzQmz_s4IsIDCEqzSGDOpuoo&_nc_zt=23&_nc_ht=scontent.fsyd14-1.fna&_nc_gid=cVvGCC7K1YqeHK4C_2CyBg&oh=00_Afe1pciI9HsgNXPa9YcucmaIAX8nfWtWg5DrwMI2VKtpwg&oe=68F6013B","AU$13,500","","2015 Volkswagen golf","Sydney, NSW","185K km"
"https://www.facebook.com/marketplace/item/1056929619726523/?ref=category_feed&referral_code=undefined&referral_story_type=listing&tracking=%7B%22qid%22%3A%22-8141480355234196720%22%2C%22mf_story_key%22%3A%2224495152063499945%22%2C%22commerce_rank_obj%22%3A%22%7B%5C%22target_id%5C%22%3A24495152063499945%2C%5C%22target_type%5C%22%3A0%2C%5C%22primary_position%5C%22%3A35%2C%5C%22ranking_signature%5C%22%3A4900942852639016989%2C%5C%22ranking_request_id%5C%22%3A5685202768989015638%2C%5C%22commerce_channel%5C%22%3A504%2C%5C%22value%5C%22%3A0.00037953511492295%2C%5C%22candidate_retrieval_source_map%5C%22%3A%7B%5C%2224495152063499945%5C%22%3A111%7D%7D%22%7D&__tn__=!%3AD","https://scontent.fsyd14-1.fna.fbcdn.net/v/t39.30808-6/558976028_2705310243217998_9008766017416579741_n.jpg?stp=c0.106.960.960a_dst-jpg_s261x260_tt6&_nc_cat=111&ccb=1-7&_nc_sid=454cf4&_nc_ohc=RjMdJSf_q0wQ7kNvwEly-pQ&_nc_oc=AdmvHp86fxeU7V531TCaVBEYsE3gRD_cohjnL4fjDVxDbuhBfFF72xnGP2IoT5S7G8M&_nc_zt=23&_nc_ht=scontent.fsyd14-1.fna&_nc_gid=cVvGCC7K1YqeHK4C_2CyBg&oh=00_Afc2sY6Vadk-Fjnfn90w_5u9feE1kzScEcLX4n_AUwdDzQ&oe=68F62115","AU$15,499","","2015 Volkswagen golf","Sydney, NSW","13K km"
"https://www.facebook.com/marketplace/item/800752806450285/?ref=category_feed&referral_code=undefined&referral_story_type=listing&tracking=%7B%22qid%22%3A%22-8141480355234196720%22%2C%22mf_story_key%22%3A%2224641077465582864%22%2C%22commerce_rank_obj%22%3A%22%7B%5C%22target_id%5C%22%3A24641077465582864%2C%5C%22target_type%5C%22%3A0%2C%5C%22primary_position%5C%22%3A36%2C%5C%22ranking_signature%5C%22%3A4900942852639016989%2C%5C%22ranking_request_id%5C%22%3A5685202768989015638%2C%5C%22commerce_channel%5C%22%3A504%2C%5C%22value%5C%22%3A0.00037769868806806%2C%5C%22candidate_retrieval_source_map%5C%22%3A%7B%5C%2224641077465582864%5C%22%3A111%7D%7D%22%7D&__tn__=!%3AD","https://scontent.fsyd14-1.fna.fbcdn.net/v/t39.30808-6/557659823_2348199055596621_6089738480877016976_n.jpg?stp=c0.169.1536.1536a_dst-jpg_s261x260_tt6&_nc_cat=109&ccb=1-7&_nc_sid=454cf4&_nc_ohc=En_1C1ealgMQ7kNvwFLZYGc&_nc_oc=AdmWycCHds1RLvsPv1Zs0YLu1OILlz5hamxyFPIoIdqI8HdhVvks6Dr9XOJGRuQc97M&_nc_zt=23&_nc_ht=scontent.fsyd14-1.fna&_nc_gid=cVvGCC7K1YqeHK4C_2CyBg&oh=00_Afc0bojhZUd_MyIbxRmdMfo0nUB462v-RfONOHuqa7cNxA&oe=68F61C5B","AU$12,500","AU$13,500","2015 Volkswagen golf","Sydney, NSW","105K km"
"https://www.facebook.com/marketplace/item/2071098123298484/?ref=category_feed&referral_code=undefined&referral_story_type=listing&tracking=%7B%22qid%22%3A%22-8141480355234196720%22%2C%22mf_story_key%22%3A%2224798581369767046%22%2C%22commerce_rank_obj%22%3A%22%7B%5C%22target_id%5C%22%3A24798581369767046%2C%5C%22target_type%5C%22%3A0%2C%5C%22primary_position%5C%22%3A38%2C%5C%22ranking_signature%5C%22%3A4900942852639016989%2C%5C%22ranking_request_id%5C%22%3A5685202768989015638%2C%5C%22commerce_channel%5C%22%3A504%2C%5C%22value%5C%22%3A0.00037346895837767%2C%5C%22candidate_retrieval_source_map%5C%22%3A%7B%5C%2224798581369767046%5C%22%3A111%7D%7D%22%7D&__tn__=!%3AD","https://scontent.fsyd14-1.fna.fbcdn.net/v/t39.30808-6/547574766_10161517903206847_1921798767922684396_n.jpg?stp=c256.0.1537.1537a_dst-jpg_s261x260_tt6&_nc_cat=104&ccb=1-7&_nc_sid=454cf4&_nc_ohc=xacf2YTRWKgQ7kNvwFSDJvn&_nc_oc=AdmlQvpzvQ4SiDdJC74m1kYM8M730U_qA6ZwbBc-y_1u4JLeesoQFvCeV4ihrGeqzwg&_nc_zt=23&_nc_ht=scontent.fsyd14-1.fna&_nc_gid=cVvGCC7K1YqeHK4C_2CyBg&oh=00_Affg98pYjWyGCnuMEMcRafWMgqvCBDI50-O8hJ0LOvRmbw&oe=68F60617","AU$11,000","AU$14,000","2015 Volkswagen golf","Sydney, NSW","15K km"
"https://www.facebook.com/marketplace/item/739425392449709/?ref=category_feed&referral_code=undefined&referral_story_type=listing&tracking=%7B%22qid%22%3A%22-8141480355234196720%22%2C%22mf_story_key%22%3A%2225000252089615816%22%2C%22commerce_rank_obj%22%3A%22%7B%5C%22target_id%5C%22%3A25000252089615816%2C%5C%22target_type%5C%22%3A0%2C%5C%22primary_position%5C%22%3A39%2C%5C%22ranking_signature%5C%22%3A4900942852639016989%2C%5C%22ranking_request_id%5C%22%3A5685202768989015638%2C%5C%22commerce_channel%5C%22%3A504%2C%5C%22value%5C%22%3A0.0003698957075783%2C%5C%22candidate_retrieval_source_map%5C%22%3A%7B%5C%2225000252089615816%5C%22%3A111%7D%7D%22%7D&__tn__=!%3AD","https://scontent.fsyd14-1.fna.fbcdn.net/v/t39.30808-6/565766307_3450499711765749_1383312931832209678_n.jpg?stp=c256.0.1537.1537a_dst-jpg_s261x260_tt6&_nc_cat=100&ccb=1-7&_nc_sid=454cf4&_nc_ohc=oPM7YVIUUjkQ7kNvwGBnvst&_nc_oc=AdmgL01JlhPq-lsLvb1G59n0dC3vvl8SAi8wLEdXoUaQH_Guhw9AQVFeF81EOD1HXIY&_nc_zt=23&_nc_ht=scontent.fsyd14-1.fna&_nc_gid=cVvGCC7K1YqeHK4C_2CyBg&oh=00_AfcRUOJGYYCN4D5Djbf4GVeiepRjT_hn5kx_Fl3Wn9ExYw&oe=68F5FE74","AU$17,999","","2018 Volkswagen golf","Sydney, NSW","72K km"
"https://www.facebook.com/marketplace/item/1850569708865042/?ref=category_feed&referral_code=undefined&referral_story_type=listing&tracking=%7B%22qid%22%3A%22-8141480355234196720%22%2C%22mf_story_key%22%3A%2232016613041286442%22%2C%22commerce_rank_obj%22%3A%22%7B%5C%22target_id%5C%22%3A32016613041286442%2C%5C%22target_type%5C%22%3A0%2C%5C%22primary_position%5C%22%3A40%2C%5C%22ranking_signature%5C%22%3A4900942852639016989%2C%5C%22ranking_request_id%5C%22%3A5685202768989015638%2C%5C%22commerce_channel%5C%22%3A504%2C%5C%22value%5C%22%3A0.00036616362729795%2C%5C%22candidate_retrieval_source_map%5C%22%3A%7B%5C%2232016613041286442%5C%22%3A111%7D%7D%22%7D&__tn__=!%3AD","https://scontent.fsyd14-1.fna.fbcdn.net/v/t39.30808-6/564161740_122188554602539733_3872742087417385712_n.jpg?stp=c0.296.1152.1152a_dst-jpg_s261x260_tt6&_nc_cat=103&ccb=1-7&_nc_sid=454cf4&_nc_ohc=sH69ZU13U1QQ7kNvwEBmB9G&_nc_oc=AdkPALxOle9rNNThJ6eklrl3G_rJEd1lfgZmLKFupjdUwzqHhCXqTmHgABxi8KpWHCg&_nc_zt=23&_nc_ht=scontent.fsyd14-1.fna&_nc_gid=cVvGCC7K1YqeHK4C_2CyBg&oh=00_Afepq32r-2TlRudS_0Yqq4Gt3pXKhdlWUod8kFAw2ZyB3Q&oe=68F5FD39","AU$8,100","","2015 Volkswagen golf","Sydney, NSW","170K km"
"https://www.facebook.com/marketplace/item/787532487479098/?ref=category_feed&referral_code=undefined&referral_story_type=listing&tracking=%7B%22qid%22%3A%22-8141480355234196720%22%2C%22mf_story_key%22%3A%2224685917891093341%22%2C%22commerce_rank_obj%22%3A%22%7B%5C%22target_id%5C%22%3A24685917891093341%2C%5C%22target_type%5C%22%3A0%2C%5C%22primary_position%5C%22%3A43%2C%5C%22ranking_signature%5C%22%3A4900942852639016989%2C%5C%22ranking_request_id%5C%22%3A5685202768989015638%2C%5C%22commerce_channel%5C%22%3A504%2C%5C%22value%5C%22%3A0.00035704337704813%2C%5C%22candidate_retrieval_source_map%5C%22%3A%7B%5C%2224685917891093341%5C%22%3A111%7D%7D%22%7D&__tn__=!%3AD","https://scontent.fsyd14-1.fna.fbcdn.net/v/t39.30808-6/559603714_1802584843718892_5181960409573175829_n.jpg?stp=c0.169.1536.1536a_dst-jpg_s261x260_tt6&_nc_cat=110&ccb=1-7&_nc_sid=454cf4&_nc_ohc=AGtIKFGGWcMQ7kNvwFUihjl&_nc_oc=Adkg20IekXyXHhKcxionHpQLGO5Qx8w8u_Vo-pJmSclzDKKvKwCU_Cn9v7FXXM-3Km8&_nc_zt=23&_nc_ht=scontent.fsyd14-1.fna&_nc_gid=cVvGCC7K1YqeHK4C_2CyBg&oh=00_Afd1-9LsTJzE1_NffgLgfL-MaHT37UXGhOzUUl5PfMiyag&oe=68F5FFA2","AU$12,000","","2015 Volkswagen golf","Sydney, NSW","165K km"
"https://www.facebook.com/marketplace/item/1546269340146094/?ref=category_feed&referral_code=undefined&referral_story_type=listing&tracking=%7B%22qid%22%3A%22-8141480355234196720%22%2C%22mf_story_key%22%3A%2225132605196365659%22%2C%22commerce_rank_obj%22%3A%22%7B%5C%22target_id%5C%22%3A25132605196365659%2C%5C%22target_type%5C%22%3A0%2C%5C%22primary_position%5C%22%3A47%2C%5C%22ranking_signature%5C%22%3A4900942852639016989%2C%5C%22ranking_request_id%5C%22%3A5685202768989015638%2C%5C%22commerce_channel%5C%22%3A504%2C%5C%22value%5C%22%3A0.00033815388316746%2C%5C%22candidate_retrieval_source_map%5C%22%3A%7B%5C%2225132605196365659%5C%22%3A111%7D%7D%22%7D&__tn__=!%3AD","https://scontent.fsyd14-1.fna.fbcdn.net/v/t45.5328-4/557903283_1717632372259752_1793082421920970469_n.jpg?stp=c115.0.260.260a_dst-jpg_p261x260_tt6&_nc_cat=104&ccb=1-7&_nc_sid=247b10&_nc_ohc=Mta-HTZofFkQ7kNvwHPACdG&_nc_oc=AdnXSsoaaO-jWvtl4eQ1IqIif9QmgxidbaNGNQrB4RkXuVYbKHxqoHqPoAKFpm_ST_k&_nc_zt=23&_nc_ht=scontent.fsyd14-1.fna&_nc_gid=cVvGCC7K1YqeHK4C_2CyBg&oh=00_Affd7UlwdbMeCAFqxQwR9Vr44cw_iuXF6Tywp36QDALMVQ&oe=68F60630","AU$9,200","","2015 Volkswagen golf","Wollongong, NSW","150K km"
"https://www.facebook.com/marketplace/item/790416033843464/?ref=category_feed&referral_code=undefined&referral_story_type=listing&tracking=%7B%22qid%22%3A%22-8141480355234196720%22%2C%22mf_story_key%22%3A%2225027872693517252%22%2C%22commerce_rank_obj%22%3A%22%7B%5C%22target_id%5C%22%3A25027872693517252%2C%5C%22target_type%5C%22%3A0%2C%5C%22primary_position%5C%22%3A48%2C%5C%22ranking_signature%5C%22%3A4900942852639016989%2C%5C%22ranking_request_id%5C%22%3A5685202768989015638%2C%5C%22commerce_channel%5C%22%3A504%2C%5C%22value%5C%22%3A0.00033749793219931%2C%5C%22candidate_retrieval_source_map%5C%22%3A%7B%5C%2225027872693517252%5C%22%3A111%7D%7D%22%7D&__tn__=!%3AD","https://scontent.fsyd14-1.fna.fbcdn.net/v/t39.30808-6/560324057_1456915455598553_7431462457572641297_n.jpg?stp=dst-jpg_s261x260_tt6&_nc_cat=111&ccb=1-7&_nc_sid=454cf4&_nc_ohc=FUJkOcACbZgQ7kNvwGPoYQJ&_nc_oc=AdlA9JeAINF1186U0NC57tiEDajCv1-TPWC36iQlPwjX__vKtkDP64TBjRZKWZ3jLR0&_nc_zt=23&_nc_ht=scontent.fsyd14-1.fna&_nc_gid=cVvGCC7K1YqeHK4C_2CyBg&oh=00_AffykBazcJ8Q4iNMHzJOxo9puNj0b8adx8HwELz1TW1bCA&oe=68F616B5","AU$18,500","","2014 Volkswagen golf","Sydney, NSW","77K km"
"https://www.facebook.com/marketplace/item/1926547044580418/?ref=category_feed&referral_code=undefined&referral_story_type=listing&tracking=%7B%22qid%22%3A%22-8141480286468405775%22%2C%22mf_story_key%22%3A%2224564570659877528%22%2C%22commerce_rank_obj%22%3A%22%7B%5C%22target_id%5C%22%3A24564570659877528%2C%5C%22target_type%5C%22%3A0%2C%5C%22primary_position%5C%22%3A51%2C%5C%22ranking_signature%5C%22%3A4900942852639016989%2C%5C%22ranking_request_id%5C%22%3A5685202768989015638%2C%5C%22commerce_channel%5C%22%3A504%2C%5C%22value%5C%22%3A0.00033136988484746%2C%5C%22candidate_retrieval_source_map%5C%22%3A%7B%5C%2224564570659877528%5C%22%3A111%7D%7D%22%7D&__tn__=!%3AD","https://scontent.fsyd14-1.fna.fbcdn.net/v/t39.30808-6/556515244_10165397817419305_4292554570541364338_n.jpg?stp=c180.0.714.714a_dst-jpg_s261x260_tt6&_nc_cat=105&ccb=1-7&_nc_sid=454cf4&_nc_ohc=1UV4YpSrrW4Q7kNvwEJBB91&_nc_oc=Adksunn-g2jYIwQ9E_atDIKcyJHo9Xue6goSGzVYmFxHH_WAWjWi8AKrYJfRl-rWLUQ&_nc_zt=23&_nc_ht=scontent.fsyd14-1.fna&_nc_gid=3mwJ_S8-iSJVXcjMmWZVXg&oh=00_AfeVtAjbVIhZkcct6TrKc5nG3lVrZyDNBck6-ZbdT1bT7Q&oe=68F5F819","AU$14,900","","2016 Volkswagen golf","Sydney, NSW","130K km"
"https://www.facebook.com/marketplace/item/1342004150858798/?ref=category_feed&referral_code=undefined&referral_story_type=listing&tracking=%7B%22qid%22%3A%22-8141480286468405775%22%2C%22mf_story_key%22%3A%2225686650720922568%22%2C%22commerce_rank_obj%22%3A%22%7B%5C%22target_id%5C%22%3A25686650720922568%2C%5C%22target_type%5C%22%3A0%2C%5C%22primary_position%5C%22%3A52%2C%5C%22ranking_signature%5C%22%3A4900942852639016989%2C%5C%22ranking_request_id%5C%22%3A5685202768989015638%2C%5C%22commerce_channel%5C%22%3A504%2C%5C%22value%5C%22%3A0.00033121315180969%2C%5C%22candidate_retrieval_source_map%5C%22%3A%7B%5C%2225686650720922568%5C%22%3A111%7D%7D%22%7D&__tn__=!%3AD","https://scontent.fsyd14-1.fna.fbcdn.net/v/t45.5328-4/564386413_1727841577926246_135859667121719045_n.jpg?stp=c42.0.260.260a_dst-jpg_p261x260_tt6&_nc_cat=101&ccb=1-7&_nc_sid=247b10&_nc_ohc=AnWwBBXSVesQ7kNvwE2Jvrr&_nc_oc=AdnanHEUlN-rmGXDjjCXhanMV9ULAdJw0vQKqlbfOo-ncPIX1SF4J0pmlinBePmP6No&_nc_zt=23&_nc_ht=scontent.fsyd14-1.fna&_nc_gid=3mwJ_S8-iSJVXcjMmWZVXg&oh=00_Afe90BHqJW4tZ2Ujwl5M4OWaB7JCRDFzMH1Es_a-XOtfxw&oe=68F6290B","AU$5,500","","2014 Volkswagen golf","Sydney, NSW","227K km"
"https://www.facebook.com/marketplace/item/2135300903623295/?ref=category_feed&referral_code=undefined&referral_story_type=listing&tracking=%7B%22qid%22%3A%22-8141480286468405775%22%2C%22mf_story_key%22%3A%2223886036084412458%22%2C%22commerce_rank_obj%22%3A%22%7B%5C%22target_id%5C%22%3A23886036084412458%2C%5C%22target_type%5C%22%3A0%2C%5C%22primary_position%5C%22%3A54%2C%5C%22ranking_signature%5C%22%3A4900942852639016989%2C%5C%22ranking_request_id%5C%22%3A5685202768989015638%2C%5C%22commerce_channel%5C%22%3A504%2C%5C%22value%5C%22%3A0.00032646415511065%2C%5C%22candidate_retrieval_source_map%5C%22%3A%7B%5C%2223886036084412458%5C%22%3A111%7D%7D%22%7D&__tn__=!%3AD","https://scontent.fsyd14-1.fna.fbcdn.net/v/t39.30808-6/546840302_10230738535954730_738858378000250200_n.jpg?stp=c256.0.1537.1537a_dst-jpg_s261x260_tt6&_nc_cat=106&ccb=1-7&_nc_sid=454cf4&_nc_ohc=7gtQKAJM1ioQ7kNvwHSx3Q2&_nc_oc=AdmG39w6tHTuUJFIrXg43mC2Fb1Ggbc5Xigk04ClAEKC-hAQeQX-tVsHAlT47xFui98&_nc_zt=23&_nc_ht=scontent.fsyd14-1.fna&_nc_gid=3mwJ_S8-iSJVXcjMmWZVXg&oh=00_AfeF0KEG55tTbipiZ7ftIqJj0TiGjsAjf8-tcab2aT6NOg&oe=68F603B4","AU$11,000","","2015 Volkswagen golf","Sydney, NSW","140K km"
"https://www.facebook.com/marketplace/item/1747361669250335/?ref=category_feed&referral_code=undefined&referral_story_type=listing&tracking=%7B%22qid%22%3A%22-8141480286468405775%22%2C%22mf_story_key%22%3A%2224848925454737017%22%2C%22commerce_rank_obj%22%3A%22%7B%5C%22target_id%5C%22%3A24848925454737017%2C%5C%22target_type%5C%22%3A0%2C%5C%22primary_position%5C%22%3A58%2C%5C%22ranking_signature%5C%22%3A4900942852639016989%2C%5C%22ranking_request_id%5C%22%3A5685202768989015638%2C%5C%22commerce_channel%5C%22%3A504%2C%5C%22value%5C%22%3A0.00031977020710909%2C%5C%22candidate_retrieval_source_map%5C%22%3A%7B%5C%2224848925454737017%5C%22%3A111%7D%7D%22%7D&__tn__=!%3AD","https://scontent.fsyd14-1.fna.fbcdn.net/v/t39.30808-6/549333370_2058681504938612_4957318332323243567_n.jpg?stp=c0.169.1536.1536a_dst-jpg_s261x260_tt6&_nc_cat=100&ccb=1-7&_nc_sid=454cf4&_nc_ohc=u9P7MLA0On4Q7kNvwFlv1xd&_nc_oc=AdnUm5ClTNIIAnweN_HIzPLlemfhPEh-Oqplh3oKDq5XIYQGs9n46m7DOWYz0BNOns0&_nc_zt=23&_nc_ht=scontent.fsyd14-1.fna&_nc_gid=3mwJ_S8-iSJVXcjMmWZVXg&oh=00_AffoIvfKSX26ET7ADaKqbLNXWm222dB-EZMaBcxa5x1Qrw&oe=68F60483","AU$10,000","AU$12,500","2015 Volkswagen golf","Sydney, NSW","128K km"
"https://www.facebook.com/marketplace/item/1952730965570274/?ref=category_feed&referral_code=undefined&referral_story_type=listing&tracking=%7B%22qid%22%3A%22-8141480286468405775%22%2C%22mf_story_key%22%3A%2224793219620343572%22%2C%22commerce_rank_obj%22%3A%22%7B%5C%22target_id%5C%22%3A24793219620343572%2C%5C%22target_type%5C%22%3A0%2C%5C%22primary_position%5C%22%3A59%2C%5C%22ranking_signature%5C%22%3A4900942852639016989%2C%5C%22ranking_request_id%5C%22%3A5685202768989015638%2C%5C%22commerce_channel%5C%22%3A504%2C%5C%22value%5C%22%3A0.00031909679318169%2C%5C%22candidate_retrieval_source_map%5C%22%3A%7B%5C%2224793219620343572%5C%22%3A111%7D%7D%22%7D&__tn__=!%3AD","https://scontent.fsyd14-1.fna.fbcdn.net/v/t39.30808-6/558094792_1267594141807774_5628132423654949396_n.jpg?stp=c350.0.900.900a_dst-jpg_s261x260_tt6&_nc_cat=101&ccb=1-7&_nc_sid=454cf4&_nc_ohc=pAMuzSlrg-kQ7kNvwEywdQO&_nc_oc=AdmPQRpm2Tw2wuclrUvCVzH58ooNfGXDs60nki4QetdUlXoJB8T2hYOIAcNGhsDVH8w&_nc_zt=23&_nc_ht=scontent.fsyd14-1.fna&_nc_gid=3mwJ_S8-iSJVXcjMmWZVXg&oh=00_AfcahXuoi4UuZ1p_5-QFePRPTjCP7GU9Qw1mT6Y7rwqRUw&oe=68F5FEB1","AU$12,499","","2016 Volkswagen golf","Sydney, NSW","114K km"
"https://www.facebook.com/marketplace/item/757473536901848/?ref=category_feed&referral_code=undefined&referral_story_type=listing&tracking=%7B%22qid%22%3A%22-8141480286468405775%22%2C%22mf_story_key%22%3A%2224549456584671242%22%2C%22commerce_rank_obj%22%3A%22%7B%5C%22target_id%5C%22%3A24549456584671242%2C%5C%22target_type%5C%22%3A0%2C%5C%22primary_position%5C%22%3A60%2C%5C%22ranking_signature%5C%22%3A4900942852639016989%2C%5C%22ranking_request_id%5C%22%3A5685202768989015638%2C%5C%22commerce_channel%5C%22%3A504%2C%5C%22value%5C%22%3A0.00031660932840604%2C%5C%22candidate_retrieval_source_map%5C%22%3A%7B%5C%2224549456584671242%5C%22%3A111%7D%7D%22%7D&__tn__=!%3AD","https://scontent.fsyd14-1.fna.fbcdn.net/v/t39.30808-6/553434842_10162003971035028_6271048244952301158_n.jpg?stp=c142.0.961.961a_dst-jpg_s261x260_tt6&_nc_cat=100&ccb=1-7&_nc_sid=454cf4&_nc_ohc=YjpG7HADcyUQ7kNvwE8vnLX&_nc_oc=Adl65OCo4Yvji0lMDoQvkgn1RTrzgYLNJmCFL-60ue5a_eCmJTqA5BrMO2MxWd1KWF4&_nc_zt=23&_nc_ht=scontent.fsyd14-1.fna&_nc_gid=3mwJ_S8-iSJVXcjMmWZVXg&oh=00_Aff1kh3aX45wB64hJXPCCD_U7sciU-utz4vcQo3uzskC7Q&oe=68F5FE56","AU$14,500","AU$16,000","2016 Volkswagen golf","Sydney, NSW","63K km"
"https://www.facebook.com/marketplace/item/25454331200822631/?ref=category_feed&referral_code=undefined&referral_story_type=listing&tracking=%7B%22qid%22%3A%22-8141480286468405775%22%2C%22mf_story_key%22%3A%2231135535232760503%22%2C%22commerce_rank_obj%22%3A%22%7B%5C%22target_id%5C%22%3A31135535232760503%2C%5C%22target_type%5C%22%3A0%2C%5C%22primary_position%5C%22%3A65%2C%5C%22ranking_signature%5C%22%3A4900942852639016989%2C%5C%22ranking_request_id%5C%22%3A5685202768989015638%2C%5C%22commerce_channel%5C%22%3A504%2C%5C%22value%5C%22%3A0.000306209883797%2C%5C%22candidate_retrieval_source_map%5C%22%3A%7B%5C%2231135535232760503%5C%22%3A111%7D%7D%22%7D&__tn__=!%3AD","https://scontent.fsyd14-1.fna.fbcdn.net/v/t39.30808-6/558945247_10233533274488663_7587125186271194362_n.jpg?stp=c0.169.1536.1536a_dst-jpg_s261x260_tt6&_nc_cat=105&ccb=1-7&_nc_sid=454cf4&_nc_ohc=CgjY_uTMi-AQ7kNvwFdK2bq&_nc_oc=Adk9dZ_BdsIHaLcq2hq7CytBJJZo4YhsqC_GJio-S0CtiEzq25q-DAidWyhc4F066Sk&_nc_zt=23&_nc_ht=scontent.fsyd14-1.fna&_nc_gid=3mwJ_S8-iSJVXcjMmWZVXg&oh=00_Affvz5vmAcAKrXEzYhNer1ABnrOF1xsTSsrk3GqzGIPc5Q&oe=68F5FDA5","AU$15,000","AU$16,900","2016 Volkswagen golf","Sydney, NSW","69K km"
"https://www.facebook.com/marketplace/item/564737250032101/?ref=category_feed&referral_code=undefined&referral_story_type=listing&tracking=%7B%22qid%22%3A%22-8141480286468405775%22%2C%22mf_story_key%22%3A%2231492086530436828%22%2C%22commerce_rank_obj%22%3A%22%7B%5C%22target_id%5C%22%3A31492086530436828%2C%5C%22target_type%5C%22%3A0%2C%5C%22primary_position%5C%22%3A66%2C%5C%22ranking_signature%5C%22%3A4900942852639016989%2C%5C%22ranking_request_id%5C%22%3A5685202768989015638%2C%5C%22commerce_channel%5C%22%3A504%2C%5C%22value%5C%22%3A0.00030459387343205%2C%5C%22candidate_retrieval_source_map%5C%22%3A%7B%5C%2231492086530436828%5C%22%3A111%7D%7D%22%7D&__tn__=!%3AD","https://scontent.fsyd14-1.fna.fbcdn.net/v/t45.5328-4/519623377_1053229793510850_1028582751720388884_n.jpg?stp=c43.0.260.260a_dst-jpg_p261x260_tt6&_nc_cat=102&ccb=1-7&_nc_sid=247b10&_nc_ohc=832bbsaR-EoQ7kNvwE89YIz&_nc_oc=Adk2ffl8zzO0WlRGZr70kPQA6swHBVp-lx_7Dbb1nK1vtaEZ_XWabZmWG6q31OK7VF8&_nc_zt=23&_nc_ht=scontent.fsyd14-1.fna&_nc_gid=3mwJ_S8-iSJVXcjMmWZVXg&oh=00_Afdc5YVSTH2xsKmP4tIjS5VT_le4PSrcfH3apq-UiKU1fg&oe=68F62628","AU$20,000","","2017 Volkswagen golf","Leppington, NSW","160K km"
"https://www.facebook.com/marketplace/item/789901693448926/?ref=category_feed&referral_code=undefined&referral_story_type=listing&tracking=%7B%22qid%22%3A%22-8141480286468405775%22%2C%22mf_story_key%22%3A%2224893657970232134%22%2C%22commerce_rank_obj%22%3A%22%7B%5C%22target_id%5C%22%3A24893657970232134%2C%5C%22target_type%5C%22%3A0%2C%5C%22primary_position%5C%22%3A67%2C%5C%22ranking_signature%5C%22%3A4900942852639016989%2C%5C%22ranking_request_id%5C%22%3A5685202768989015638%2C%5C%22commerce_channel%5C%22%3A504%2C%5C%22value%5C%22%3A0.00030416161790303%2C%5C%22candidate_retrieval_source_map%5C%22%3A%7B%5C%2224893657970232134%5C%22%3A111%7D%7D%22%7D&__tn__=!%3AD","https://scontent.fsyd14-1.fna.fbcdn.net/v/t39.30808-6/561140952_122146246682647675_7267066688909414058_n.jpg?stp=c0.296.1152.1152a_dst-jpg_s261x260_tt6&_nc_cat=107&ccb=1-7&_nc_sid=454cf4&_nc_ohc=vFNhbAL_2PIQ7kNvwEcqKTL&_nc_oc=AdnPNUgmF7G9FIDfWWDIfk-UZPAts0MkizHBAeDQP4AIUaOWXMVW1QIo55D4GVOml2s&_nc_zt=23&_nc_ht=scontent.fsyd14-1.fna&_nc_gid=3mwJ_S8-iSJVXcjMmWZVXg&oh=00_Afc6KJ0zxYnO1MoDt9rTlCO6fiPs2p-7HQGSTHSwy6ZXBg&oe=68F625D6","AU$11,499","","2014 Volkswagen golf","Sydney, NSW","140K km"
"https://www.facebook.com/marketplace/item/1475182690397611/?ref=category_feed&referral_code=undefined&referral_story_type=listing&tracking=%7B%22qid%22%3A%22-8141480286468405775%22%2C%22mf_story_key%22%3A%2231408074752141320%22%2C%22commerce_rank_obj%22%3A%22%7B%5C%22target_id%5C%22%3A31408074752141320%2C%5C%22target_type%5C%22%3A0%2C%5C%22primary_position%5C%22%3A68%2C%5C%22ranking_signature%5C%22%3A4900942852639016989%2C%5C%22ranking_request_id%5C%22%3A5685202768989015638%2C%5C%22commerce_channel%5C%22%3A504%2C%5C%22value%5C%22%3A0.00030394562898288%2C%5C%22candidate_retrieval_source_map%5C%22%3A%7B%5C%2231408074752141320%5C%22%3A111%7D%7D%22%7D&__tn__=!%3AD","https://scontent.fsyd14-1.fna.fbcdn.net/v/t39.30808-6/554079366_1096593262626900_4160065541782244003_n.jpg?stp=dst-jpg_s261x260_tt6&_nc_cat=108&ccb=1-7&_nc_sid=454cf4&_nc_ohc=w_KdIcGDAkAQ7kNvwG7iGnK&_nc_oc=AdmqTbSSQfNbnRjdzZD3jGD72pboY5i1oICDGwmezy2wMSCg88VkCAGRCeNRED_lIZ8&_nc_zt=23&_nc_ht=scontent.fsyd14-1.fna&_nc_gid=3mwJ_S8-iSJVXcjMmWZVXg&oh=00_AffvEltGFpgQRzGoBiFvF5DgROEmHb0wUT7DgVupEASsWA&oe=68F6229B","AU$12,900","","2015 Volkswagen golf","Sydney, NSW","128K km"
"https://www.facebook.com/marketplace/item/1448993196203316/?ref=category_feed&referral_code=undefined&referral_story_type=listing&tracking=%7B%22qid%22%3A%22-8141480286422317792%22%2C%22mf_story_key%22%3A%2232359846543629339%22%2C%22commerce_rank_obj%22%3A%22%7B%5C%22target_id%5C%22%3A32359846543629339%2C%5C%22target_type%5C%22%3A0%2C%5C%22primary_position%5C%22%3A72%2C%5C%22ranking_signature%5C%22%3A4900942852639016989%2C%5C%22ranking_request_id%5C%22%3A5685202768989015638%2C%5C%22commerce_channel%5C%22%3A504%2C%5C%22value%5C%22%3A0.00030239948605327%2C%5C%22candidate_retrieval_source_map%5C%22%3A%7B%5C%2232359846543629339%5C%22%3A111%7D%7D%22%7D&__tn__=!%3AD","https://scontent.fsyd14-1.fna.fbcdn.net/v/t39.30808-6/560311900_10167885161888125_1117975206151252607_n.jpg?stp=c200.0.1200.1200a_dst-jpg_s261x260_tt6&_nc_cat=110&ccb=1-7&_nc_sid=454cf4&_nc_ohc=8DHDZuNvvTYQ7kNvwEUmMyP&_nc_oc=Adlrfb6oswUa0sHfZFerCYx3cpau7B5A1lXJNHy_fHeXQ30oH747FWDLyZiMGrnTxNc&_nc_zt=23&_nc_ht=scontent.fsyd14-1.fna&_nc_gid=UF7UUd8TM-rS-irTDS3TYA&oh=00_Afcl9SSl7EYOtuoGqQnb4wOcygaa-mSbi8yOvR3M5KAR9w&oe=68F62137","AU$15,500","","2018 Volkswagen golf","Wentworth Falls, NSW","155K km"
"https://www.facebook.com/marketplace/item/1145406454144432/?ref=category_feed&referral_code=undefined&referral_story_type=listing&tracking=%7B%22qid%22%3A%22-8141480286422317792%22%2C%22mf_story_key%22%3A%2224218212441183052%22%2C%22commerce_rank_obj%22%3A%22%7B%5C%22target_id%5C%22%3A24218212441183052%2C%5C%22target_type%5C%22%3A0%2C%5C%22primary_position%5C%22%3A73%2C%5C%22ranking_signature%5C%22%3A4900942852639016989%2C%5C%22ranking_request_id%5C%22%3A5685202768989015638%2C%5C%22commerce_channel%5C%22%3A504%2C%5C%22value%5C%22%3A0.00029840683123384%2C%5C%22candidate_retrieval_source_map%5C%22%3A%7B%5C%2224218212441183052%5C%22%3A111%7D%7D%22%7D&__tn__=!%3AD","https://scontent.fsyd14-1.fna.fbcdn.net/v/t39.30808-6/557696463_1160613039283763_3476654728032129145_n.jpg?stp=c253.0.1542.1542a_dst-jpg_s261x260_tt6&_nc_cat=104&ccb=1-7&_nc_sid=454cf4&_nc_ohc=-JThgnxcNAoQ7kNvwG-4dGq&_nc_oc=Adm7pfPQIl6MJhSEoUqyLnL9gLUBQ9zittnP7y2EmLoL6M1bQeJlhSskiUBh8ZNkYFo&_nc_zt=23&_nc_ht=scontent.fsyd14-1.fna&_nc_gid=UF7UUd8TM-rS-irTDS3TYA&oh=00_Afclptn3dWuOwz6rEcloXCP7fjpzat9jL7do1n-POiqWoA&oe=68F607B4","AU$9,000","AU$11,000","2014 Volkswagen golf","Sydney, NSW","142K km"
"https://www.facebook.com/marketplace/item/1731888227701725/?ref=category_feed&referral_code=undefined&referral_story_type=listing&tracking=%7B%22qid%22%3A%22-8141480286422317792%22%2C%22mf_story_key%22%3A%229464020893716419%22%2C%22commerce_rank_obj%22%3A%22%7B%5C%22target_id%5C%22%3A9464020893716419%2C%5C%22target_type%5C%22%3A0%2C%5C%22primary_position%5C%22%3A77%2C%5C%22ranking_signature%5C%22%3A4900942852639016989%2C%5C%22ranking_request_id%5C%22%3A5685202768989015638%2C%5C%22commerce_channel%5C%22%3A504%2C%5C%22value%5C%22%3A0.00029530730963817%2C%5C%22candidate_retrieval_source_map%5C%22%3A%7B%5C%229464020893716419%5C%22%3A111%7D%7D%22%7D&__tn__=!%3AD","https://scontent.fsyd14-1.fna.fbcdn.net/v/t39.30808-6/495421512_10161163612372393_2664193632436790307_n.jpg?stp=c256.0.1537.1537a_dst-jpg_s261x260_tt6&_nc_cat=110&ccb=1-7&_nc_sid=454cf4&_nc_ohc=GSDN6Ex24SQQ7kNvwEd6YVf&_nc_oc=AdlpRR3rkLzh_GcGr3OuzH06OA9WEaWeCKTmN8I12GWutI9vjGHHj_hYuHWX_nxRH9g&_nc_zt=23&_nc_ht=scontent.fsyd14-1.fna&_nc_gid=UF7UUd8TM-rS-irTDS3TYA&oh=00_AfeIyFcHYBJWZtkQFQkNPc7EVEB6FFziXhlk2VtUzfuSaQ&oe=68F62594","AU$6,000","AU$8,500","2014 Volkswagen golf","Sydney, NSW","184K km"
"https://www.facebook.com/marketplace/item/1416835649390456/?ref=category_feed&referral_code=undefined&referral_story_type=listing&tracking=%7B%22qid%22%3A%22-8141480286422317792%22%2C%22mf_story_key%22%3A%2224497697136508107%22%2C%22commerce_rank_obj%22%3A%22%7B%5C%22target_id%5C%22%3A24497697136508107%2C%5C%22target_type%5C%22%3A0%2C%5C%22primary_position%5C%22%3A78%2C%5C%22ranking_signature%5C%22%3A4900942852639016989%2C%5C%22ranking_request_id%5C%22%3A5685202768989015638%2C%5C%22commerce_channel%5C%22%3A504%2C%5C%22value%5C%22%3A0.00029386242706582%2C%5C%22candidate_retrieval_source_map%5C%22%3A%7B%5C%2224497697136508107%5C%22%3A111%7D%7D%22%7D&__tn__=!%3AD","https://scontent.fsyd14-1.fna.fbcdn.net/v/t39.30808-6/549326498_4016627965228758_6794108571333122974_n.jpg?stp=c0.231.900.900a_dst-jpg_s261x260_tt6&_nc_cat=108&ccb=1-7&_nc_sid=454cf4&_nc_ohc=I4M1Tw4KaD4Q7kNvwH4qIml&_nc_oc=AdkFO59W2BifHCwDnZR85kkUdcfdqJoyiKlbTgMrMrW81xAYGOf-VOCfbo05FG2OgX0&_nc_zt=23&_nc_ht=scontent.fsyd14-1.fna&_nc_gid=UF7UUd8TM-rS-irTDS3TYA&oh=00_AfdDq-dYGP7F26VBG8_tWu-Th9rnoK5ydq7T0XIQRTWRjg&oe=68F6245A","AU$10,500","AU$12,000","2014 Volkswagen golf","Sydney, NSW","140K km"