"x1i10hfl href","x15mokao src","a","b","c","d","x193iq5w 2"
"https://www.facebook.com/marketplace/item/1546269340146094/?ref=category_feed&referral_code=undefined&referral_story_type=listing&tracking=%7B%22qid%22%3A%22-8141480355234196720%22%2C%22mf_story_key%22%3A%2225132605196365659%22%2C%22commerce_rank_obj%22%3A%22%7B%5C%22target_id%5C%22%3A25132605196365659%2C%5C%22target_type%5C%22%3A0%2C%5C%22primary_position%5C%22%3A47%2C%5C%22ranking_signature%5C%22%3A4900942852639016989%2C%5C%22ranking_request_id%5C%22%3A5685202768989015638%2C%5C%22commerce_channel%5C%22%3A504%2C%5C%22value%5C%22%3A0.00033815388316746%2C%5C%22candidate_retrieval_source_map%5C%22%3A%7B%5C%2225132605196365659%5C%22%3A111%7D%7D%22%7D&__tn__=!%3AD","https://scontent.fsyd14-1.fna.fbcdn.net/v/t45.5328-4/557903283_1717632372259752_1793082421920970469_n.jpg?stp=c115.0.260.260a_dst-jpg_p261x260_tt6&_nc_cat=104&ccb=1-7&_nc_sid=247b10&_nc_ohc=Mta-HTZofFkQ7kNvwHPACdG&_nc_oc=AdnXSsoaaO-jWvtl4eQ1IqIif9QmgxidbaNGNQrB4RkXuVYbKHxqoHqPoAKFpm_ST_k&_nc_zt=23&_nc_ht=scontent.fsyd14-1.fna&_nc_gid=cVvGCC7K1YqeHK4C_2CyBg&oh=00_Affd7UlwdbMeCAFqxQwR9Vr44cw_iuXF6Tywp36QDALMVQ&oe=68F60630","AU$9,200","2015 Volkswagen golf","Wollongong, NSW","150K km",""
"https://www.facebook.com/marketplace/item/790416033843464/?ref=category_feed&referral_code=undefined&referral_story_type=listing&tracking=%7B%22qid%22%3A%22-8141480355234196720%22%2C%22mf_story_key%22%3A%2225027872693517252%22%2C%22commerce_rank_obj%22%3A%22%7B%5C%22target_id%5C%22%3A25027872693517252%2C%5C%22target_type%5C%22%3A0%2C%5C%22primary_position%5C%22%3A48%2C%5C%22ranking_signature%5C%22%3A4900942852639016989%2C%5C%22ranking_request_id%5C%22%3A5685202768989015638%2C%5C%22commerce_channel%5C%22%3A504%2C%5C%22value%5C%22%3A0.00033749793219931%2C%5C%22candidate_retrieval_source_map%5C%22%3A%7B%5C%2225027872693517252%5C%22%3A111%7D%7D%22%7D&__tn__=!%3AD","https://scontent.fsyd14-1.fna.fbcdn.net/v/t39.30808-6/560324057_1456915455598553_7431462457572641297_n.jpg?stp=dst-jpg_s261x260_tt6&_nc_cat=111&ccb=1-7&_nc_sid=454cf4&_nc_ohc=FUJkOcACbZgQ7kNvwGPoYQJ&_nc_oc=AdlA9JeAINF1186U0NC57tiEDajCv1-TPWC36iQlPwjX__vKtkDP64TBjRZKWZ3jLR0&_nc_zt=23&_nc_ht=scontent.fsyd14-1.fna&_nc_gid=cVvGCC7K1YqeHK4C_2CyBg&oh=00_AffykBazcJ8Q4iNMHzJOxo9puNj0b8adx8HwELz1TW1bCA&oe=68F616B5","AU$18,500","2014 Volkswagen golf","Sydney, NSW","77K km",""
"https://www.facebook.com/marketplace/item/1926547044580418/?ref=category_feed&referral_code=undefined&referral_story_type=listing&tracking=%7B%22qid%22%3A%22-8141480286468405775%22%2C%22mf_story_key%22%3A%2224564570659877528%22%2C%22commerce_rank_obj%22%3A%22%7B%5C%22target_id%5C%22%3A24564570659877528%2C%5C%22target_type%5C%22%3A0%2C%5C%22primary_position%5C%22%3A51%2C%5C%22ranking_signature%5C%22%3A4900942852639016989%2C%5C%22ranking_request_id%5C%22%3A5685202768989015638%2C%5C%22commerce_channel%5C%22%3A504%2C%5C%22value%5C%22%3A0.00033136988484746%2C%5C%22candidate_retrieval_source_map%5C%22%3A%7B%5C%2224564570659877528%5C%22%3A111%7D%7D%22%7D&__tn__=!%3AD","https://scontent.fsyd14-1.fna.fbcdn.net/v/t39.30808-6/556515244_10165397817419305_4292554570541364338_n.jpg?stp=c180.0.714.714a_dst-jpg_s261x260_tt6&_nc_cat=105&ccb=1-7&_nc_sid=454cf4&_nc_ohc=1UV4YpSrrW4Q7kNvwEJBB91&_nc_oc=Adksunn-g2jYIwQ9E_atDIKcyJHo9Xue6goSGzVYmFxHH_WAWjWi8AKrYJfRl-rWLUQ&_nc_zt=23&_nc_ht=scontent.fsyd14-1.fna&_nc_gid=3mwJ_S8-iSJVXcjMmWZVXg&oh=00_AfeVtAjbVIhZkcct6TrKc5nG3lVrZyDNBck6-ZbdT1bT7Q&oe=68F5F819","AU$14,900","2016 Volkswagen golf","Sydney, NSW","130K km",""
"https://www.facebook.com/marketplace/item/1342004150858798/?ref=category_feed&referral_code=undefined&referral_story_type=listing&tracking=%7B%22qid%22%3A%22-8141480286468405775%22%2C%22mf_story_key%22%3A%2225686650720922568%22%2C%22commerce_rank_obj%22%3A%22%7B%5C%22target_id%5C%22%3A25686650720922568%2C%5C%22target_type%5C%22%3A0%2C%5C%22primary_position%5C%22%3A52%2C%5C%22ranking_signature%5C%22%3A4900942852639016989%2C%5C%22ranking_request_id%5C%22%3A5685202768989015638%2C%5C%22commerce_channel%5C%22%3A504%2C%5C%22value%5C%22%3A0.00033121315180969%2C%5C%22candidate_retrieval_source_map%5C%22%3A%7B%5C%2225686650720922568%5C%22%3A111%7D%7D%22%7D&__tn__=!%3AD","https://scontent.fsyd14-1.fna.fbcdn.net/v/t45.5328-4/564386413_1727841577926246_135859667121719045_n.jpg?stp=c42.0.260.260a_dst-jpg_p261x260_tt6&_nc_cat=101&ccb=1-7&_nc_sid=247b10&_nc_ohc=AnWwBBXSVesQ7kNvwE2Jvrr&_nc_oc=AdnanHEUlN-rmGXDjjCXhanMV9ULAdJw0vQKqlbfOo-ncPIX1SF4J0pmlinBePmP6No&_nc_zt=23&_nc_ht=scontent.fsyd14-1.fna&_nc_gid=3mwJ_S8-iSJVXcjMmWZVXg&oh=00_Afe90BHqJW4tZ2Ujwl5M4OWaB7JCRDFzMH1Es_a-XOtfxw&oe=68F6290B","AU$5,500","2014 Volkswagen golf","Sydney, NSW","227K km",""
"https://www.facebook.com/marketplace/item/2135300903623295/?ref=category_feed&referral_code=undefined&referral_story_type=listing&tracking=%7B%22qid%22%3A%22-8141480286468405775%22%2C%22mf_story_key%22%3A%2223886036084412458%22%2C%22commerce_rank_obj%22%3A%22%7B%5C%22target_id%5C%22%3A23886036084412458%2C%5C%22target_type%5C%22%3A0%2C%5C%22primary_position%5C%22%3A54%2C%5C%22ranking_signature%5C%22%3A4900942852639016989%2C%5C%22ranking_request_id%5C%22%3A5685202768989015638%2C%5C%22commerce_channel%5C%22%3A504%2C%5C%22value%5C%22%3A0.00032646415511065%2C%5C%22candidate_retrieval_source_map%5C%22%3A%7B%5C%2223886036084412458%5C%22%3A111%7D%7D%22%7D&__tn__=!%3AD","https://scontent.fsyd14-1.fna.fbcdn.net/v/t39.30808-6/546840302_10230738535954730_738858378000250200_n.jpg?stp=c256.0.1537.1537a_dst-jpg_s261x260_tt6&_nc_cat=106&ccb=1-7&_nc_sid=454cf4&_nc_ohc=7gtQKAJM1ioQ7kNvwHSx3Q2&_nc_oc=AdmG39w6tHTuUJFIrXg43mC2Fb1Ggbc5Xigk04ClAEKC-hAQeQX-tVsHAlT47xFui98&_nc_zt=23&_nc_ht=scontent.fsyd14-1.fna&_nc_gid=3mwJ_S8-iSJVXcjMmWZVXg&oh=00_AfeF0KEG55tTbipiZ7ftIqJj0TiGjsAjf8-tcab2aT6NOg&oe=68F603B4","AU$11,000","2015 Volkswagen golf","Sydney, NSW","140K km",""
"https://www.facebook.com/marketplace/item/1747361669250335/?ref=category_feed&referral_code=undefined&referral_story_type=listing&tracking=%7B%22qid%22%3A%22-8141480286468405775%22%2C%22mf_story_key%22%3A%2224848925454737017%22%2C%22commerce_rank_obj%22%3A%22%7B%5C%22target_id%5C%22%3A24848925454737017%2C%5C%22target_type%5C%22%3A0%2C%5C%22primary_position%5C%22%3A58%2C%5C%22ranking_signature%5C%22%3A4900942852639016989%2C%5C%22ranking_request_id%5C%22%3A5685202768989015638%2C%5C%22commerce_channel%5C%22%3A504%2C%5C%22value%5C%22%3A0.00031977020710909%2C%5C%22candidate_retrieval_source_map%5C%22%3A%7B%5C%2224848925454737017%5C%22%3A111%7D%7D%22%7D&__tn__=!%3AD","https://scontent.fsyd14-1.fna.fbcdn.net/v/t39.30808-6/549333370_2058681504938612_4957318332323243567_n.jpg?stp=c0.169.1536.1536a_dst-jpg_s261x260_tt6&_nc_cat=100&ccb=1-7&_nc_sid=454cf4&_nc_ohc=u9P7MLA0On4Q7kNvwFlv1xd&_nc_oc=AdnUm5ClTNIIAnweN_HIzPLlemfhPEh-Oqplh3oKDq5XIYQGs9n46m7DOWYz0BNOns0&_nc_zt=23&_nc_ht=scontent.fsyd14-1.fna&_nc_gid=3mwJ_S8-iSJVXcjMmWZVXg&oh=00_AffoIvfKSX26ET7ADaKqbLNXWm222dB-EZMaBcxa5x1Qrw&oe=68F60483","AU$10,000","2015 Volkswagen golf","Sydney, NSW","128K km","AU$12,500"
"https://www.facebook.com/marketplace/item/1952730965570274/?ref=category_feed&referral_code=undefined&referral_story_type=listing&tracking=%7B%22qid%22%3A%22-8141480286468405775%22%2C%22mf_story_key%22%3A%2224793219620343572%22%2C%22commerce_rank_obj%22%3A%22%7B%5C%22target_id%5C%22%3A24793219620343572%2C%5C%22target_type%5C%22%3A0%2C%5C%22primary_position%5C%22%3A59%2C%5C%22ranking_signature%5C%22%3A4900942852639016989%2C%5C%22ranking_request_id%5C%22%3A5685202768989015638%2C%5C%22commerce_channel%5C%22%3A504%2C%5C%22value%5C%22%3A0.00031909679318169%2C%5C%22candidate_retrieval_source_map%5C%22%3A%7B%5C%2224793219620343572%5C%22%3A111%7D%7D%22%7D&__tn__=!%3AD","https://scontent.fsyd14-1.fna.fbcdn.net/v/t39.30808-6/558094792_1267594141807774_5628132423654949396_n.jpg?stp=c350.0.900.900a_dst-jpg_s261x260_tt6&_nc_cat=101&ccb=1-7&_nc_sid=454cf4&_nc_ohc=pAMuzSlrg-kQ7kNvwEywdQO&_nc_oc=AdmPQRpm2Tw2wuclrUvCVzH58ooNfGXDs60nki4QetdUlXoJB8T2hYOIAcNGhsDVH8w&_nc_zt=23&_nc_ht=scontent.fsyd14-1.fna&_nc_gid=3mwJ_S8-iSJVXcjMmWZVXg&oh=00_AfcahXuoi4UuZ1p_5-QFePRPTjCP7GU9Qw1mT6Y7rwqRUw&oe=68F5FEB1","AU$12,499","2016 Volkswagen golf","Sydney, NSW","114K km",""
"https://www.facebook.com/marketplace/item/757473536901848/?ref=category_feed&referral_code=undefined&referral_story_type=listing&tracking=%7B%22qid%22%3A%22-8141480286468405775%22%2C%22mf_story_key%22%3A%2224549456584671242%22%2C%22commerce_rank_obj%22%3A%22%7B%5C%22target_id%5C%22%3A24549456584671242%2C%5C%22target_type%5C%22%3A0%2C%5C%22primary_position%5C%22%3A60%2C%5C%22ranking_signature%5C%22%3A4900942852639016989%2C%5C%22ranking_request_id%5C%22%3A5685202768989015638%2C%5C%22commerce_channel%5C%22%3A504%2C%5C%22value%5C%22%3A0.00031660932840604%2C%5C%22candidate_retrieval_source_map%5C%22%3A%7B%5C%2224549456584671242%5C%22%3A111%7D%7D%22%7D&__tn__=!%3AD","https://scontent.fsyd14-1.fna.fbcdn.net/v/t39.30808-6/553434842_10162003971035028_6271048244952301158_n.jpg?stp=c142.0.961.961a_dst-jpg_s261x260_tt6&_nc_cat=100&ccb=1-7&_nc_sid=454cf4&_nc_ohc=YjpG7HADcyUQ7kNvwE8vnLX&_nc_oc=Adl65OCo4Yvji0lMDoQvkgn1RTrzgYLNJmCFL-60ue5a_eCmJTqA5BrMO2MxWd1KWF4&_nc_zt=23&_nc_ht=scontent.fsyd14-1.fna&_nc_gid=3mwJ_S8-iSJVXcjMmWZVXg&oh=00_Aff1kh3aX45wB64hJXPCCD_U7sciU-utz4vcQo3uzskC7Q&oe=68F5FE56","AU$14,500","2016 Volkswagen golf","Sydney, NSW","63K km","AU$16,000"
"https://www.facebook.com/marketplace/item/25454331200822631/?ref=category_feed&referral_code=undefined&referral_story_type=listing&tracking=%7B%22qid%22%3A%22-8141480286468405775%22%2C%22mf_story_key%22%3A%2231135535232760503%22%2C%22commerce_rank_obj%22%3A%22%7B%5C%22target_id%5C%22%3A31135535232760503%2C%5C%22target_type%5C%22%3A0%2C%5C%22primary_position%5C%22%3A65%2C%5C%22ranking_signature%5C%22%3A4900942852639016989%2C%5C%22ranking_request_id%5C%22%3A5685202768989015638%2C%5C%22commerce_channel%5C%22%3A504%2C%5C%22value%5C%22%3A0.000306209883797%2C%5C%22candidate_retrieval_source_map%5C%22%3A%7B%5C%2231135535232760503%5C%22%3A111%7D%7D%22%7D&__tn__=!%3AD","https://scontent.fsyd14-1.fna.fbcdn.net/v/t39.30808-6/558945247_10233533274488663_7587125186271194362_n.jpg?stp=c0.169.1536.1536a_dst-jpg_s261x260_tt6&_nc_cat=105&ccb=1-7&_nc_sid=454cf4&_nc_ohc=CgjY_uTMi-AQ7kNvwFdK2bq&_nc_oc=Adk9dZ_BdsIHaLcq2hq7CytBJJZo4YhsqC_GJio-S0CtiEzq25q-DAidWyhc4F066Sk&_nc_zt=23&_nc_ht=scontent.fsyd14-1.fna&_nc_gid=3mwJ_S8-iSJVXcjMmWZVXg&oh=00_Affvz5vmAcAKrXEzYhNer1ABnrOF1xsTSsrk3GqzGIPc5Q&oe=68F5FDA5","AU$15,000","2016 Volkswagen golf","Sydney, NSW","69K km","AU$16,900"
"https://www.facebook.com/marketplace/item/564737250032101/?ref=category_feed&referral_code=undefined&referral_story_type=listing&tracking=%7B%22qid%22%3A%22-8141480286468405775%22%2C%22mf_story_key%22%3A%2231492086530436828%22%2C%22commerce_rank_obj%22%3A%22%7B%5C%22target_id%5C%22%3A31492086530436828%2C%5C%22target_type%5C%22%3A0%2C%5C%22primary_position%5C%22%3A66%2C%5C%22ranking_signature%5C%22%3A4900942852639016989%2C%5C%22ranking_request_id%5C%22%3A5685202768989015638%2C%5C%22commerce_channel%5C%22%3A504%2C%5C%22value%5C%22%3A0.00030459387343205%2C%5C%22candidate_retrieval_source_map%5C%22%3A%7B%5C%2231492086530436828%5C%22%3A111%7D%7D%22%7D&__tn__=!%3AD","https://scontent.fsyd14-1.fna.fbcdn.net/v/t45.5328-4/519623377_1053229793510850_1028582751720388884_n.jpg?stp=c43.0.260.260a_dst-jpg_p261x260_tt6&_nc_cat=102&ccb=1-7&_nc_sid=247b10&_nc_ohc=832bbsaR-EoQ7kNvwE89YIz&_nc_oc=Adk2ffl8zzO0WlRGZr70kPQA6swHBVp-lx_7Dbb1nK1vtaEZ_XWabZmWG6q31OK7VF8&_nc_zt=23&_nc_ht=scontent.fsyd14-1.fna&_nc_gid=3mwJ_S8-iSJVXcjMmWZVXg&oh=00_Afdc5YVSTH2xsKmP4tIjS5VT_le4PSrcfH3apq-UiKU1fg&oe=68F62628","AU$20,000","2017 Volkswagen golf","Leppington, NSW","160K km",""
"https://www.facebook.com/marketplace/item/789901693448926/?ref=category_feed&referral_code=undefined&referral_story_type=listing&tracking=%7B%22qid%22%3A%22-8141480286468405775%22%2C%22mf_story_key%22%3A%2224893657970232134%22%2C%22commerce_rank_obj%22%3A%22%7B%5C%22target_id%5C%22%3A24893657970232134%2C%5C%22target_type%5C%22%3A0%2C%5C%22primary_position%5C%22%3A67%2C%5C%22ranking_signature%5C%22%3A4900942852639016989%2C%5C%22ranking_request_id%5C%22%3A5685202768989015638%2C%5C%22commerce_channel%5C%22%3A504%2C%5C%22value%5C%22%3A0.00030416161790303%2C%5C%22candidate_retrieval_source_map%5C%22%3A%7B%5C%2224893657970232134%5C%22%3A111%7D%7D%22%7D&__tn__=!%3AD","https://scontent.fsyd14-1.fna.fbcdn.net/v/t39.30808-6/561140952_122146246682647675_7267066688909414058_n.jpg?stp=c0.296.1152.1152a_dst-jpg_s261x260_tt6&_nc_cat=107&ccb=1-7&_nc_sid=454cf4&_nc_ohc=vFNhbAL_2PIQ7kNvwEcqKTL&_nc_oc=AdnPNUgmF7G9FIDfWWDIfk-UZPAts0MkizHBAeDQP4AIUaOWXMVW1QIo55D4GVOml2s&_nc_zt=23&_nc_ht=scontent.fsyd14-1.fna&_nc_gid=3mwJ_S8-iSJVXcjMmWZVXg&oh=00_Afc6KJ0zxYnO1MoDt9rTlCO6fiPs2p-7HQGSTHSwy6ZXBg&oe=68F625D6","AU$11,499","2014 Volkswagen golf","Sydney, NSW","140K km",""
"https://www.facebook.com/marketplace/item/1475182690397611/?ref=category_feed&referral_code=undefined&referral_story_type=listing&tracking=%7B%22qid%22%3A%22-8141480286468405775%22%2C%22mf_story_key%22%3A%2231408074752141320%22%2C%22commerce_rank_obj%22%3A%22%7B%5C%22target_id%5C%22%3A31408074752141320%2C%5C%22target_type%5C%22%3A0%2C%5C%22primary_position%5C%22%3A68%2C%5C%22ranking_signature%5C%22%3A4900942852639016989%2C%5C%22ranking_request_id%5C%22%3A5685202768989015638%2C%5C%22commerce_channel%5C%22%3A504%2C%5C%22value%5C%22%3A0.00030394562898288%2C%5C%22candidate_retrieval_source_map%5C%22%3A%7B%5C%2231408074752141320%5C%22%3A111%7D%7D%22%7D&__tn__=!%3AD","https://scontent.fsyd14-1.fna.fbcdn.net/v/t39.30808-6/554079366_1096593262626900_4160065541782244003_n.jpg?stp=dst-jpg_s261x260_tt6&_nc_cat=108&ccb=1-7&_nc_sid=454cf4&_nc_ohc=w_KdIcGDAkAQ7kNvwG7iGnK&_nc_oc=AdmqTbSSQfNbnRjdzZD3jGD72pboY5i1oICDGwmezy2wMSCg88VkCAGRCeNRED_lIZ8&_nc_zt=23&_nc_ht=scontent.fsyd14-1.fna&_nc_gid=3mwJ_S8-iSJVXcjMmWZVXg&oh=00_AffvEltGFpgQRzGoBiFvF5DgROEmHb0wUT7DgVupEASsWA&oe=68F6229B","AU$12,900","2015 Volkswagen golf","Sydney, NSW","128K km",""
"https://www.facebook.com/marketplace/item/1448993196203316/?ref=category_feed&referral_code=undefined&referral_story_type=listing&tracking=%7B%22qid%22%3A%22-8141480286422317792%22%2C%22mf_story_key%22%3A%2232359846543629339%22%2C%22commerce_rank_obj%22%3A%22%7B%5C%22target_id%5C%22%3A32359846543629339%2C%5C%22target_type%5C%22%3A0%2C%5C%22primary_position%5C%22%3A72%2C%5C%22ranking_signature%5C%22%3A4900942852639016989%2C%5C%22ranking_request_id%5C%22%3A5685202768989015638%2C%5C%22commerce_channel%5C%22%3A504%2C%5C%22value%5C%22%3A0.00030239948605327%2C%5C%22candidate_retrieval_source_map%5C%22%3A%7B%5C%2232359846543629339%5C%22%3A111%7D%7D%22%7D&__tn__=!%3AD","https://scontent.fsyd14-1.fna.fbcdn.net/v/t39.30808-6/560311900_10167885161888125_1117975206151252607_n.jpg?stp=c200.0.1200.1200a_dst-jpg_s261x260_tt6&_nc_cat=110&ccb=1-7&_nc_sid=454cf4&_nc_ohc=8DHDZuNvvTYQ7kNvwEUmMyP&_nc_oc=Adlrfb6oswUa0sHfZFerCYx3cpau7B5A1lXJNHy_fHeXQ30oH747FWDLyZiMGrnTxNc&_nc_zt=23&_nc_ht=scontent.fsyd14-1.fna&_nc_gid=UF7UUd8TM-rS-irTDS3TYA&oh=00_Afcl9SSl7EYOtuoGqQnb4wOcygaa-mSbi8yOvR3M5KAR9w&oe=68F62137","AU$15,500","2018 Volkswagen golf","Wentworth Falls, NSW","155K km",""
"https://www.facebook.com/marketplace/item/1145406454144432/?ref=category_feed&referral_code=undefined&referral_story_type=listing&tracking=%7B%22qid%22%3A%22-8141480286422317792%22%2C%22mf_story_key%22%3A%2224218212441183052%22%2C%22commerce_rank_obj%22%3A%22%7B%5C%22target_id%5C%22%3A24218212441183052%2C%5C%22target_type%5C%22%3A0%2C%5C%22primary_position%5C%22%3A73%2C%5C%22ranking_signature%5C%22%3A4900942852639016989%2C%5C%22ranking_request_id%5C%22%3A5685202768989015638%2C%5C%22commerce_channel%5C%22%3A504%2C%5C%22value%5C%22%3A0.00029840683123384%2C%5C%22candidate_retrieval_source_map%5C%22%3A%7B%5C%2224218212441183052%5C%22%3A111%7D%7D%22%7D&__tn__=!%3AD","https://scontent.fsyd14-1.fna.fbcdn.net/v/t39.30808-6/557696463_1160613039283763_3476654728032129145_n.jpg?stp=c253.0.1542.1542a_dst-jpg_s261x260_tt6&_nc_cat=104&ccb=1-7&_nc_sid=454cf4&_nc_ohc=-JThgnxcNAoQ7kNvwG-4dGq&_nc_oc=Adm7pfPQIl6MJhSEoUqyLnL9gLUBQ9zittnP7y2EmLoL6M1bQeJlhSskiUBh8ZNkYFo&_nc_zt=23&_nc_ht=scontent.fsyd14-1.fna&_nc_gid=UF7UUd8TM-rS-irTDS3TYA&oh=00_Afclptn3dWuOwz6rEcloXCP7fjpzat9jL7do1n-POiqWoA&oe=68F607B4","AU$9,000","2014 Volkswagen golf","Sydney, NSW","142K km","AU$11,000"
"https://www.facebook.com/marketplace/item/1731888227701725/?ref=category_feed&referral_code=undefined&referral_story_type=listing&tracking=%7B%22qid%22%3A%22-8141480286422317792%22%2C%22mf_story_key%22%3A%229464020893716419%22%2C%22commerce_rank_obj%22%3A%22%7B%5C%22target_id%5C%22%3A9464020893716419%2C%5C%22target_type%5C%22%3A0%2C%5C%22primary_position%5C%22%3A77%2C%5C%22ranking_signature%5C%22%3A4900942852639016989%2C%5C%22ranking_request_id%5C%22%3A5685202768989015638%2C%5C%22commerce_channel%5C%22%3A504%2C%5C%22value%5C%22%3A0.00029530730963817%2C%5C%22candidate_retrieval_source_map%5C%22%3A%7B%5C%229464020893716419%5C%22%3A111%7D%7D%22%7D&__tn__=!%3AD","https://scontent.fsyd14-1.fna.fbcdn.net/v/t39.30808-6/495421512_10161163612372393_2664193632436790307_n.jpg?stp=c256.0.1537.1537a_dst-jpg_s261x260_tt6&_nc_cat=110&ccb=1-7&_nc_sid=454cf4&_nc_ohc=GSDN6Ex24SQQ7kNvwEd6YVf&_nc_oc=AdlpRR3rkLzh_GcGr3OuzH06OA9WEaWeCKTmN8I12GWutI9vjGHHj_hYuHWX_nxRH9g&_nc_zt=23&_nc_ht=scontent.fsyd14-1.fna&_nc_gid=UF7UUd8TM-rS-irTDS3TYA&oh=00_AfeIyFcHYBJWZtkQFQkNPc7EVEB6FFziXhlk2VtUzfuSaQ&oe=68F62594","AU$6,000","2014 Volkswagen golf","Sydney, NSW","184K km","AU$8,500"
"https://www.facebook.com/marketplace/item/1416835649390456/?ref=category_feed&referral_code=undefined&referral_story_type=listing&tracking=%7B%22qid%22%3A%22-8141480286422317792%22%2C%22mf_story_key%22%3A%2224497697136508107%22%2C%22commerce_rank_obj%22%3A%22%7B%5C%22target_id%5C%22%3A24497697136508107%2C%5C%22target_type%5C%22%3A0%2C%5C%22primary_position%5C%22%3A78%2C%5C%22ranking_signature%5C%22%3A4900942852639016989%2C%5C%22ranking_request_id%5C%22%3A5685202768989015638%2C%5C%22commerce_channel%5C%22%3A504%2C%5C%22value%5C%22%3A0.00029386242706582%2C%5C%22candidate_retrieval_source_map%5C%22%3A%7B%5C%2224497697136508107%5C%22%3A111%7D%7D%22%7D&__tn__=!%3AD","https://scontent.fsyd14-1.fna.fbcdn.net/v/t39.30808-6/549326498_4016627965228758_6794108571333122974_n.jpg?stp=c0.231.900.900a_dst-jpg_s261x260_tt6&_nc_cat=108&ccb=1-7&_nc_sid=454cf4&_nc_ohc=I4M1Tw4KaD4Q7kNvwH4qIml&_nc_oc=AdkFO59W2BifHCwDnZR85kkUdcfdqJoyiKlbTgMrMrW81xAYGOf-VOCfbo05FG2OgX0&_nc_zt=23&_nc_ht=scontent.fsyd14-1.fna&_nc_gid=UF7UUd8TM-rS-irTDS3TYA&oh=00_AfdDq-dYGP7F26VBG8_tWu-Th9rnoK5ydq7T0XIQRTWRjg&oe=68F6245A","AU$10,500","2014 Volkswagen golf","Sydney, NSW","140K km","AU$12,000"
"https://www.facebook.com/marketplace/item/831582882761392/?ref=category_feed&referral_code=undefined&referral_story_type=listing&tracking=%7B%22qid%22%3A%22-8141480286422317792%22%2C%22mf_story_key%22%3A%2224468335962835246%22%2C%22commerce_rank_obj%22%3A%22%7B%5C%22target_id%5C%22%3A24468335962835246%2C%5C%22target_type%5C%22%3A0%2C%5C%22primary_position%5C%22%3A79%2C%5C%22ranking_signature%5C%22%3A4900942852639016989%2C%5C%22ranking_request_id%5C%22%3A5685202768989015638%2C%5C%22commerce_channel%5C%22%3A504%2C%5C%22value%5C%22%3A0.00029317244522799%2C%5C%22candidate_retrieval_source_map%5C%22%3A%7B%5C%2224468335962835246%5C%22%3A111%7D%7D%22%7D&__tn__=!%3AD","https://scontent.fsyd14-1.fna.fbcdn.net/v/t39.30808-6/558265487_10162457249497758_3348538849419396011_n.jpg?stp=c0.169.1537.1537a_dst-jpg_s261x260_tt6&_nc_cat=107&ccb=1-7&_nc_sid=454cf4&_nc_ohc=thr2SescQZ0Q7kNvwF_0R7s&_nc_oc=AdkoN-WAGzycXmuqG9gWZ2cUXkKfVc8yOC6wptP-u2_nTavY2CBFPNXouCh7WH_Jyq4&_nc_zt=23&_nc_ht=scontent.fsyd14-1.fna&_nc_gid=UF7UUd8TM-rS-irTDS3TYA&oh=00_AfckzpVnNASjx3GhXEjvSSYPjWP9U82JNBvLvP34gXC2gg&oe=68F60C40","AU$11,000","2014 Volkswagen golf","Sydney, NSW","102K km",""
"https://www.facebook.com/marketplace/item/1182004157320450/?ref=category_feed&referral_code=undefined&referral_story_type=listing&tracking=%7B%22qid%22%3A%22-8141480286422317792%22%2C%22mf_story_key%22%3A%2225319115411046051%22%2C%22commerce_rank_obj%22%3A%22%7B%5C%22target_id%5C%22%3A25319115411046051%2C%5C%22target_type%5C%22%3A0%2C%5C%22primary_position%5C%22%3A81%2C%5C%22ranking_signature%5C%22%3A4900942852639016989%2C%5C%22ranking_request_id%5C%22%3A5685202768989015638%2C%5C%22commerce_channel%5C%22%3A504%2C%5C%22value%5C%22%3A0.00029097149676439%2C%5C%22candidate_retrieval_source_map%5C%22%3A%7B%5C%2225319115411046051%5C%22%3A111%7D%7D%22%7D&__tn__=!%3AD","https://scontent.fsyd14-1.fna.fbcdn.net/v/t39.30808-6/559722658_1340009857751803_3102085042375737396_n.jpg?stp=c256.0.1536.1536a_dst-jpg_s261x260_tt6&_nc_cat=106&ccb=1-7&_nc_sid=454cf4&_nc_ohc=VDtCaz-Yb5UQ7kNvwHXws1t&_nc_oc=AdnqhpVwhyQYYz4XHQr8KNSqaRw7O-hZlWJ1L6NjdVwh782hDzewKq_cG6YTARyZzYY&_nc_zt=23&_nc_ht=scontent.fsyd14-1.fna&_nc_gid=UF7UUd8TM-rS-irTDS3TYA&oh=00_AfdqsV0ZTlbUowMuZ9LWDplyFR4y8IgD4L9sSKVFEX8EtA&oe=68F61E1F","AU$11,000","2015 Volkswagen golf","Sydney, NSW","158K km",""
"https://www.facebook.com/marketplace/item/1183790700271048/?ref=category_feed&referral_code=undefined&referral_story_type=listing&tracking=%7B%22qid%22%3A%22-8141480286422317792%22%2C%22mf_story_key%22%3A%2224915928224693767%22%2C%22commerce_rank_obj%22%3A%22%7B%5C%22target_id%5C%22%3A24915928224693767%2C%5C%22target_type%5C%22%3A0%2C%5C%22primary_position%5C%22%3A82%2C%5C%22ranking_signature%5C%22%3A4900942852639016989%2C%5C%22ranking_request_id%5C%22%3A5685202768989015638%2C%5C%22commerce_channel%5C%22%3A504%2C%5C%22value%5C%22%3A0.00029061549816448%2C%5C%22candidate_retrieval_source_map%5C%22%3A%7B%5C%2224915928224693767%5C%22%3A111%7D%7D%22%7D&__tn__=!%3AD","https://scontent.fsyd14-1.fna.fbcdn.net/v/t39.30808-6/559887278_31783038527977615_5981463718519209669_n.jpg?stp=c256.0.1536.1536a_dst-jpg_s261x260_tt6&_nc_cat=111&ccb=1-7&_nc_sid=454cf4&_nc_ohc=YiKqjTI8H5gQ7kNvwG1fFWj&_nc_oc=AdmHHYD5z3EAv4DnDkcQTV-0krgkQiAZjRLxkI1JWMxlK8mkeTdGgPFW3UE3OvZBz4o&_nc_zt=23&_nc_ht=scontent.fsyd14-1.fna&_nc_gid=UF7UUd8TM-rS-irTDS3TYA&oh=00_AffPc-njuKR0f1UCmXDy81Y7NKjwzzqSRB7r2gOoG8LZCA&oe=68F6183E","AU$18,000","2017 Volkswagen golf","Sydney, NSW","97K km",""
"https://www.facebook.com/marketplace/item/1524904995182441/?ref=category_feed&referral_code=undefined&referral_story_type=listing&tracking=%7B%22qid%22%3A%22-8141480286422317792%22%2C%22mf_story_key%22%3A%2224692697593685407%22%2C%22commerce_rank_obj%22%3A%22%7B%5C%22target_id%5C%22%3A24692697593685407%2C%5C%22target_type%5C%22%3A0%2C%5C%22primary_position%5C%22%3A84%2C%5C%22ranking_signature%5C%22%3A4900942852639016989%2C%5C%22ranking_request_id%5C%22%3A5685202768989015638%2C%5C%22commerce_channel%5C%22%3A504%2C%5C%22value%5C%22%3A0.00028992793132269%2C%5C%22candidate_retrieval_source_map%5C%22%3A%7B%5C%2224692697593685407%5C%22%3A111%7D%7D%22%7D&__tn__=!%3AD","https://scontent.fsyd14-1.fna.fbcdn.net/v/t39.30808-6/561351728_25246008194991856_440065289350141029_n.jpg?stp=c0.132.1200.1200a_dst-jpg_s261x260_tt6&_nc_cat=106&ccb=1-7&_nc_sid=454cf4&_nc_ohc=V7w2LqzqHeQQ7kNvwE5dugp&_nc_oc=Adk9dypQ99Mgx3rviNyY8A-KMMUtL3NtNg2fUjTY7hnBIQDCjbJ6jwKOwwfY304W_kw&_nc_zt=23&_nc_ht=scontent.fsyd14-1.fna&_nc_gid=UF7UUd8TM-rS-irTDS3TYA&oh=00_AfcRCYxzPR2uqeHt0_O4YJ1W1RKjlvD1Fc6SPqmgCzT0Jw&oe=68F5F4F1","AU$9,000","2014 Volkswagen golf","Sydney, NSW","230K km","AU$9,750"
"https://www.facebook.com/marketplace/item/1068097708836623/?ref=category_feed&referral_code=undefined&referral_story_type=listing&tracking=%7B%22qid%22%3A%22-8141480286422317792%22%2C%22mf_story_key%22%3A%2224706689422269562%22%2C%22commerce_rank_obj%22%3A%22%7B%5C%22target_id%5C%22%3A24706689422269562%2C%5C%22target_type%5C%22%3A0%2C%5C%22primary_position%5C%22%3A85%2C%5C%22ranking_signature%5C%22%3A4900942852639016989%2C%5C%22ranking_request_id%5C%22%3A5685202768989015638%2C%5C%22commerce_channel%5C%22%3A504%2C%5C%22value%5C%22%3A0.00028956662248597%2C%5C%22candidate_retrieval_source_map%5C%22%3A%7B%5C%2224706689422269562%5C%22%3A111%7D%7D%22%7D&__tn__=!%3AD","https://scontent.fsyd14-1.fna.fbcdn.net/v/t39.30808-6/546701548_25264393833161746_8279678866289936213_n.jpg?stp=c0.169.1537.1537a_dst-jpg_s261x260_tt6&_nc_cat=106&ccb=1-7&_nc_sid=454cf4&_nc_ohc=r2OnbpyKldsQ7kNvwFQKsYN&_nc_oc=Adn06a5yCt8yhdfp4PAxCtISNK0-Waec_9poliwoToXCHbUQdz_a0NVj5dYWn9eGETI&_nc_zt=23&_nc_ht=scontent.fsyd14-1.fna&_nc_gid=UF7UUd8TM-rS-irTDS3TYA&oh=00_AfeqVe4HHS58qV2Br64Y9KaW4Rj9XuQgxhA0uLycRo4eWQ&oe=68F5F6DC","AU$7,500","2014 Volkswagen golf","Sydney, NSW","150K km",""
"https://www.facebook.com/marketplace/item/1250960256727481/?ref=category_feed&referral_code=undefined&referral_story_type=listing&tracking=%7B%22qid%22%3A%22-8141480286422317792%22%2C%22mf_story_key%22%3A%2225312184195037273%22%2C%22commerce_rank_obj%22%3A%22%7B%5C%22target_id%5C%22%3A25312184195037273%2C%5C%22target_type%5C%22%3A0%2C%5C%22primary_position%5C%22%3A88%2C%5C%22ranking_signature%5C%22%3A4900942852639016989%2C%5C%22ranking_request_id%5C%22%3A5685202768989015638%2C%5C%22commerce_channel%5C%22%3A504%2C%5C%22value%5C%22%3A0.00028587195365046%2C%5C%22candidate_retrieval_source_map%5C%22%3A%7B%5C%2225312184195037273%5C%22%3A111%7D%7D%22%7D&__tn__=!%3AD","https://scontent.fsyd14-1.fna.fbcdn.net/v/t39.30808-6/548313072_1480733423132922_8217682317594039684_n.jpg?stp=c0.296.1152.1152a_dst-jpg_s261x260_tt6&_nc_cat=107&ccb=1-7&_nc_sid=454cf4&_nc_ohc=8vDtE8xx3tQQ7kNvwGhOPQK&_nc_oc=Adl_iFFXO_PNJjQm29lp1ZFRzxdQQ65oDmkGixEatklKS93u-fgd-oJfhO_CcXX9jV8&_nc_zt=23&_nc_ht=scontent.fsyd14-1.fna&_nc_gid=UF7UUd8TM-rS-irTDS3TYA&oh=00_AfeBANxR1j7n4vWLDFBLzlhzxsA4fC59fBJsML7l1Wyw1A&oe=68F61DB2","AU$19,500","2014 Volkswagen golf","Sydney, NSW","160K km","AU$21,000"
"https://www.facebook.com/marketplace/item/24966515923013990/?ref=category_feed&referral_code=undefined&referral_story_type=listing&tracking=%7B%22qid%22%3A%22-8141480217733549813%22%2C%22mf_story_key%22%3A%2231810496975208329%22%2C%22commerce_rank_obj%22%3A%22%7B%5C%22target_id%5C%22%3A31810496975208329%2C%5C%22target_type%5C%22%3A0%2C%5C%22primary_position%5C%22%3A91%2C%5C%22ranking_signature%5C%22%3A4900942852639016989%2C%5C%22ranking_request_id%5C%22%3A5685202768989015638%2C%5C%22commerce_channel%5C%22%3A504%2C%5C%22value%5C%22%3A0.00028286626534001%2C%5C%22candidate_retrieval_source_map%5C%22%3A%7B%5C%2231810496975208329%5C%22%3A111%7D%7D%22%7D&__tn__=!%3AD","https://scontent.fsyd14-1.fna.fbcdn.net/v/t39.30808-6/551017595_1493296412094777_19018621490887139_n.jpg?stp=c256.0.1536.1536a_dst-jpg_s261x260_tt6&_nc_cat=101&ccb=1-7&_nc_sid=454cf4&_nc_ohc=xSAcWjEXTjoQ7kNvwGJsmOT&_nc_oc=AdnQu0sksp7J8VbgZ028Z_dDKC1mY4WM7FkBILKvZdzihbw1RuLeqkLF73MR3huLjws&_nc_zt=23&_nc_ht=scontent.fsyd14-1.fna&_nc_gid=0Kk_VAcoxM3UPXWbW9Oh6w&oh=00_Afew0hVGQlNvzHZ7M08rN4TWQRvDjU9EuqkFxOE21w2joA&oe=68F62341","AU$16,995","2018 Volkswagen golf","Sydney, NSW","71K km",""
"https://www.facebook.com/marketplace/item/2946167975570035/?ref=category_feed&referral_code=undefined&referral_story_type=listing&tracking=%7B%22qid%22%3A%22-8141480217733549813%22%2C%22mf_story_key%22%3A%2225373699432237551%22%2C%22commerce_rank_obj%22%3A%22%7B%5C%22target_id%5C%22%3A25373699432237551%2C%5C%22target_type%5C%22%3A0%2C%5C%22primary_position%5C%22%3A93%2C%5C%22ranking_signature%5C%22%3A4900942852639016989%2C%5C%22ranking_request_id%5C%22%3A5685202768989015638%2C%5C%22commerce_channel%5C%22%3A504%2C%5C%22value%5C%22%3A0.00028253254811182%2C%5C%22candidate_retrieval_source_map%5C%22%3A%7B%5C%2225373699432237551%5C%22%3A111%7D%7D%22%7D&__tn__=!%3AD","https://scontent.fsyd14-1.fna.fbcdn.net/v/t39.30808-6/560921503_10164361207907392_3809244280829952457_n.jpg?stp=c0.169.1537.1537a_dst-jpg_s261x260_tt6&_nc_cat=104&ccb=1-7&_nc_sid=946e27&_nc_ohc=4JIafFb5vjsQ7kNvwFHuabM&_nc_oc=Adk3yxSl8moJQVxSdf7Hj2ADUjeHXxVy0zVT_kO6l7aLGwnDRFTHvNGzGDe5lS4WAwY&_nc_zt=23&_nc_ht=scontent.fsyd14-1.fna&_nc_gid=0Kk_VAcoxM3UPXWbW9Oh6w&oh=00_AffLGAm82SuvbqvCMTq1P-BY-J4JRvLSzkR3pbAO7seU9A&oe=68F5FBB9","AU$8,799","2014 Volkswagen golf","Wollongong, NSW","109K km",""
"https://www.facebook.com/marketplace/item/1331145235473573/?ref=category_feed&referral_code=undefined&referral_story_type=listing&tracking=%7B%22qid%22%3A%22-8141480217733549813%22%2C%22mf_story_key%22%3A%2224864963473157707%22%2C%22commerce_rank_obj%22%3A%22%7B%5C%22target_id%5C%22%3A24864963473157707%2C%5C%22target_type%5C%22%3A0%2C%5C%22primary_position%5C%22%3A94%2C%5C%22ranking_signature%5C%22%3A4900942852639016989%2C%5C%22ranking_request_id%5C%22%3A5685202768989015638%2C%5C%22commerce_channel%5C%22%3A504%2C%5C%22value%5C%22%3A0.00028176432619728%2C%5C%22candidate_retrieval_source_map%5C%22%3A%7B%5C%2224864963473157707%5C%22%3A111%7D%7D%22%7D&__tn__=!%3AD","https://scontent.fsyd14-1.fna.fbcdn.net/v/t39.30808-6/559018939_24400450849637862_7879260172249824584_n.jpg?stp=c0.169.1536.1536a_dst-jpg_s261x260_tt6&_nc_cat=100&ccb=1-7&_nc_sid=946e27&_nc_ohc=HTMB1NFEJvoQ7kNvwFcQ53N&_nc_oc=AdljCkOl-u3U5n3-YU_qHI-tW7FDdq-iyca_h-0NzBo3GWZAgfDJEXPZ2p1umnZVwcA&_nc_zt=23&_nc_ht=scontent.fsyd14-1.fna&_nc_gid=0Kk_VAcoxM3UPXWbW9Oh6w&oh=00_Aff0p0aJxlETOZLJPBOZT8aBuQLHO8CAMBnv7GuSjEnAgw&oe=68F5FD8E","AU$19,000","2014 Volkswagen golf","Sydney, NSW","165K km",""
"https://www.facebook.com/marketplace/item/1328114682287672/?ref=category_feed&referral_code=undefined&referral_story_type=listing&tracking=%7B%22qid%22%3A%22-8141480217733549813%22%2C%22mf_story_key%22%3A%2224366567023023151%22%2C%22commerce_rank_obj%22%3A%22%7B%5C%22target_id%5C%22%3A24366567023023151%2C%5C%22target_type%5C%22%3A0%2C%5C%22primary_position%5C%22%3A98%2C%5C%22ranking_signature%5C%22%3A4900942852639016989%2C%5C%22ranking_request_id%5C%22%3A5685202768989015638%2C%5C%22commerce_channel%5C%22%3A504%2C%5C%22value%5C%22%3A0.0002773729380265%2C%5C%22candidate_retrieval_source_map%5C%22%3A%7B%5C%2224366567023023151%5C%22%3A111%7D%7D%22%7D&__tn__=!%3AD","https://scontent.fsyd14-1.fna.fbcdn.net/v/t39.30808-6/562027990_10235468660789966_6855234707271392183_n.jpg?stp=c256.0.1537.1537a_dst-jpg_s261x260_tt6&_nc_cat=107&ccb=1-7&_nc_sid=454cf4&_nc_ohc=vOW409LcHeIQ7kNvwGpDuyf&_nc_oc=AdkI_N1pn77N5vDJUBioXeh6q5CgVykYZxwFpV3rMry4kcjxkmcH5mNKH_IsNtC13Oo&_nc_zt=23&_nc_ht=scontent.fsyd14-1.fna&_nc_gid=0Kk_VAcoxM3UPXWbW9Oh6w&oh=00_Aff39EbUzF9oQpL_bf2uYU_dCIavDpJxMm9x9cev4UxR5A&oe=68F5FED7","AU$16,990","2018 Volkswagen golf","Sydney, NSW","90K km",""
"https://www.facebook.com/marketplace/item/783809757702228/?ref=category_feed&referral_code=undefined&referral_story_type=listing&tracking=%7B%22qid%22%3A%22-8141480217733549813%22%2C%22mf_story_key%22%3A%2224514084461587545%22%2C%22commerce_rank_obj%22%3A%22%7B%5C%22target_id%5C%22%3A24514084461587545%2C%5C%22target_type%5C%22%3A0%2C%5C%22primary_position%5C%22%3A104%2C%5C%22ranking_signature%5C%22%3A4900942852639016989%2C%5C%22ranking_request_id%5C%22%3A5685202768989015638%2C%5C%22commerce_channel%5C%22%3A504%2C%5C%22value%5C%22%3A0.0002701595046679%2C%5C%22candidate_retrieval_source_map%5C%22%3A%7B%5C%2224514084461587545%5C%22%3A111%7D%7D%22%7D&__tn__=!%3AD","https://scontent.fsyd14-1.fna.fbcdn.net/v/t39.30808-6/555468781_10239032604344728_1349647543020432008_n.jpg?stp=c811.0.1392.1392a_dst-jpg_s261x260_tt6&_nc_cat=102&ccb=1-7&_nc_sid=454cf4&_nc_ohc=cE3WkTF2VekQ7kNvwEywDbK&_nc_oc=AdnUG20QXr_IVX6K6LTFstnXsgPVPNtXOwDdxfbT0xFsp3-Q26IJSdLZwnCIISeRvJM&_nc_zt=23&_nc_ht=scontent.fsyd14-1.fna&_nc_gid=0Kk_VAcoxM3UPXWbW9Oh6w&oh=00_AfflrUdEsjUpca32v8MMyOLeZLSAIAv7TsrsyWU82HcPcw&oe=68F611C8","AU$17,000","2018 Volkswagen golf","Sydney, NSW","74K km",""
"https://www.facebook.com/marketplace/item/1132234839090651/?ref=category_feed&referral_code=undefined&referral_story_type=listing&tracking=%7B%22qid%22%3A%22-8141480217733549813%22%2C%22mf_story_key%22%3A%2225159257707009000%22%2C%22commerce_rank_obj%22%3A%22%7B%5C%22target_id%5C%22%3A25159257707009000%2C%5C%22target_type%5C%22%3A0%2C%5C%22primary_position%5C%22%3A110%2C%5C%22ranking_signature%5C%22%3A4900942852639016989%2C%5C%22ranking_request_id%5C%22%3A5685202768989015638%2C%5C%22commerce_channel%5C%22%3A504%2C%5C%22value%5C%22%3A0.00026455752093292%2C%5C%22candidate_retrieval_source_map%5C%22%3A%7B%5C%2225159257707009000%5C%22%3A111%7D%7D%22%7D&__tn__=!%3AD","https://scontent.fsyd14-1.fna.fbcdn.net/v/t39.30808-6/545296977_10166373400443289_3473268985949844622_n.jpg?stp=c0.142.1320.1320a_dst-jpg_s261x260_tt6&_nc_cat=108&ccb=1-7&_nc_sid=946e27&_nc_ohc=ek4NtFgRoqkQ7kNvwH9Q73g&_nc_oc=AdkLkkyyvr79gR1sOBdWRjACGHPf1B0rrDggmbUYrjaYeNiB0UWtOw91fE-QF2tIAHw&_nc_zt=23&_nc_ht=scontent.fsyd14-1.fna&_nc_gid=0Kk_VAcoxM3UPXWbW9Oh6w&oh=00_AfenMHB2kP6sAWKWHmlSmlRwmr49Iac2bS53PryT8hvXmw&oe=68F5F3B8","AU$13,250","2016 Volkswagen golf","Sydney, NSW","106K km","AU$14,500"
"https://www.facebook.com/marketplace/item/1346869460363436/?ref=category_feed&referral_code=undefined&referral_story_type=listing&tracking=%7B%22qid%22%3A%22-8141480217733549813%22%2C%22mf_story_key%22%3A%2225246771051596567%22%2C%22commerce_rank_obj%22%3A%22%7B%5C%22target_id%5C%22%3A25246771051596567%2C%5C%22target_type%5C%22%3A0%2C%5C%22primary_position%5C%22%3A113%2C%5C%22ranking_signature%5C%22%3A4900942852639016989%2C%5C%22ranking_request_id%5C%22%3A5685202768989015638%2C%5C%22commerce_channel%5C%22%3A504%2C%5C%22value%5C%22%3A0.00026077124560852%2C%5C%22candidate_retrieval_source_map%5C%22%3A%7B%5C%2225246771051596567%5C%22%3A111%7D%7D%22%7D&__tn__=!%3AD","https://scontent.fsyd14-1.fna.fbcdn.net/v/t39.30808-6/558944644_1491630368622530_4077865873950332443_n.jpg?stp=c256.0.1537.1537a_dst-jpg_s261x260_tt6&_nc_cat=105&ccb=1-7&_nc_sid=454cf4&_nc_ohc=VUUs2nuMGTEQ7kNvwHW9xyv&_nc_oc=Adk5-sGq1ow7ka8U8W1RrvrskmkR2shs12YsQ2qwYxbteYPmvXUN9I0deKkqLQBgSXY&_nc_zt=23&_nc_ht=scontent.fsyd14-1.fna&_nc_gid=0Kk_VAcoxM3UPXWbW9Oh6w&oh=00_AfcJFhl1qA9EhErNhW4FpklZnZ1ltMdVyB2yuqMyyXLteg&oe=68F61352","AU$10,100","2016 Volkswagen golf","Sydney, NSW","197K km",""
"https://www.facebook.com/marketplace/item/688831570906831/?ref=category_feed&referral_code=undefined&referral_story_type=listing&tracking=%7B%22qid%22%3A%22-8141480217733549813%22%2C%22mf_story_key%22%3A%2224221352107486793%22%2C%22commerce_rank_obj%22%3A%22%7B%5C%22target_id%5C%22%3A24221352107486793%2C%5C%22target_type%5C%22%3A0%2C%5C%22primary_position%5C%22%3A117%2C%5C%22ranking_signature%5C%22%3A4900942852639016989%2C%5C%22ranking_request_id%5C%22%3A5685202768989015638%2C%5C%22commerce_channel%5C%22%3A504%2C%5C%22value%5C%22%3A0.0002564766152077%2C%5C%22candidate_retrieval_source_map%5C%22%3A%7B%5C%2224221352107486793%5C%22%3A111%7D%7D%22%7D&__tn__=!%3AD","https://scontent.fsyd14-1.fna.fbcdn.net/v/t39.30808-6/557376680_24808924992074887_56241731384065516_n.jpg?stp=c0.169.1537.1537a_dst-jpg_s261x260_tt6&_nc_cat=101&ccb=1-7&_nc_sid=946e27&_nc_ohc=sbztPa2JtmMQ7kNvwGX3T1u&_nc_oc=Adnw-6QRUSwHj2714hVc1NrXUCeTObbTSuu5oOV1_qRlVIrazDLs4Qr_7dzDJm4BWYg&_nc_zt=23&_nc_ht=scontent.fsyd14-1.fna&_nc_gid=0Kk_VAcoxM3UPXWbW9Oh6w&oh=00_AffTrbhYg2WiYgVpVICA01ngJfH5QAvStEttKxZ2EBkotA&oe=68F5FB5E","AU$9,500","2015 Volkswagen golf","Sydney, NSW","153K km","AU$10,000"
"https://www.facebook.com/marketplace/item/1816488132527600/?ref=category_feed&referral_code=undefined&referral_story_type=listing&tracking=%7B%22qid%22%3A%22-8141480217733549813%22%2C%22mf_story_key%22%3A%229444812075601022%22%2C%22commerce_rank_obj%22%3A%22%7B%5C%22target_id%5C%22%3A9444812075601022%2C%5C%22target_type%5C%22%3A0%2C%5C%22primary_position%5C%22%3A120%2C%5C%22ranking_signature%5C%22%3A4900942852639016989%2C%5C%22ranking_request_id%5C%22%3A5685202768989015638%2C%5C%22commerce_channel%5C%22%3A504%2C%5C%22value%5C%22%3A0.00025146392683869%2C%5C%22candidate_retrieval_source_map%5C%22%3A%7B%5C%229444812075601022%5C%22%3A111%7D%7D%22%7D&__tn__=!%3AD","https://scontent.fsyd14-1.fna.fbcdn.net/v/t39.30808-6/539985459_10235640961058451_4745787140578301173_n.jpg?stp=c0.169.1536.1536a_dst-jpg_s261x260_tt6&_nc_cat=100&ccb=1-7&_nc_sid=946e27&_nc_ohc=wqMe7bTQshoQ7kNvwFzRSTX&_nc_oc=AdkDtdzcYtnzp2vaFqI_yPAu2j1hQyxVjX_RjrKySUYeL1JDi_K--JIMs1yVrQH2GtE&_nc_zt=23&_nc_ht=scontent.fsyd14-1.fna&_nc_gid=0Kk_VAcoxM3UPXWbW9Oh6w&oh=00_AfdMS9aeY9JmbzuMVHS3skMMPxg6bRUte5YPRk0B6h0yKA&oe=68F5FFA4","AU$16,900","2019 Volkswagen golf","Sydney, NSW","69K km","AU$21,900"
"https://www.facebook.com/marketplace/item/2566874050317634/?ref=category_feed&referral_code=undefined&referral_story_type=listing&tracking=%7B%22qid%22%3A%22-8141480217733549813%22%2C%22mf_story_key%22%3A%2224451660954491393%22%2C%22commerce_rank_obj%22%3A%22%7B%5C%22target_id%5C%22%3A24451660954491393%2C%5C%22target_type%5C%22%3A0%2C%5C%22primary_position%5C%22%3A121%2C%5C%22ranking_signature%5C%22%3A4900942852639016989%2C%5C%22ranking_request_id%5C%22%3A5685202768989015638%2C%5C%22commerce_channel%5C%22%3A504%2C%5C%22value%5C%22%3A0.00024997135933836%2C%5C%22candidate_retrieval_source_map%5C%22%3A%7B%5C%2224451660954491393%5C%22%3A111%7D%7D%22%7D&__tn__=!%3AD","https://scontent.fsyd14-1.fna.fbcdn.net/v/t39.30808-6/558177714_1366024218525525_7256937400212410618_n.jpg?stp=c0.169.1537.1537a_dst-jpg_s261x260_tt6&_nc_cat=104&ccb=1-7&_nc_sid=454cf4&_nc_ohc=zt4ByChRIb0Q7kNvwHNqrjI&_nc_oc=Adm5d7nNlLUXxbr3HgePdeALO0VHj5TnygDExjSC0lRfwWLKXXeRPpn5qpWsl1e5ztA&_nc_zt=23&_nc_ht=scontent.fsyd14-1.fna&_nc_gid=0Kk_VAcoxM3UPXWbW9Oh6w&oh=00_AfckAldbrazw2yYCMvEtXhjTvwjNlEJmOfD9LbwTcSQ7RA&oe=68F627DC","AU$8,500","2014 Volkswagen golf","Sydney, NSW","122K km","AU$10,500"
"https://www.facebook.com/marketplace/item/1124539129328551/?ref=category_feed&referral_code=undefined&referral_story_type=listing&tracking=%7B%22qid%22%3A%22-8141480149028936562%22%2C%22mf_story_key%22%3A%2231471524842495453%22%2C%22commerce_rank_obj%22%3A%22%7B%5C%22target_id%5C%22%3A31471524842495453%2C%5C%22target_type%5C%22%3A0%2C%5C%22primary_position%5C%22%3A122%2C%5C%22ranking_signature%5C%22%3A4900942852639016989%2C%5C%22ranking_request_id%5C%22%3A5685202768989015638%2C%5C%22commerce_channel%5C%22%3A504%2C%5C%22value%5C%22%3A0.00024881679390378%2C%5C%22candidate_retrieval_source_map%5C%22%3A%7B%5C%2231471524842495453%5C%22%3A111%7D%7D%22%7D&__tn__=!%3AD","https://scontent.fsyd14-1.fna.fbcdn.net/v/t39.30808-6/558919820_3953375934973047_8102329361233197496_n.jpg?stp=c0.169.1536.1536a_dst-jpg_s261x260_tt6&_nc_cat=107&ccb=1-7&_nc_sid=454cf4&_nc_ohc=K-PCF-RublsQ7kNvwHCqJ3H&_nc_oc=AdnzSstPdAafJqK8le7A94d3W-tdoQjhNsNp6nHp6HV106YlBtmPL9gn0t1ANS1deAM&_nc_zt=23&_nc_ht=scontent.fsyd14-1.fna&_nc_gid=Sbyqt7JRAVuONB0_DjQvTA&oh=00_AfcdUzFAet3yyXpjAz7wMaaLsUNRSTYVMxVKlLSy9NyA8Q&oe=68F61DF9","AU$25,999","2018 Volkswagen golf","Bardia, NSW","127K km",""
"https://www.facebook.com/marketplace/item/2909121669280215/?ref=category_feed&referral_code=undefined&referral_story_type=listing&tracking=%7B%22qid%22%3A%22-8141480149028936562%22%2C%22mf_story_key%22%3A%2225145010758433362%22%2C%22commerce_rank_obj%22%3A%22%7B%5C%22target_id%5C%22%3A25145010758433362%2C%5C%22target_type%5C%22%3A0%2C%5C%22primary_position%5C%22%3A125%2C%5C%22ranking_signature%5C%22%3A4900942852639016989%2C%5C%22ranking_request_id%5C%22%3A5685202768989015638%2C%5C%22commerce_channel%5C%22%3A504%2C%5C%22value%5C%22%3A0.00024740935033059%2C%5C%22candidate_retrieval_source_map%5C%22%3A%7B%5C%2225145010758433362%5C%22%3A111%7D%7D%22%7D&__tn__=!%3AD","https://scontent.fsyd14-1.fna.fbcdn.net/v/t39.30808-6/548070962_10236887957692343_267285702174136804_n.jpg?stp=c0.169.1537.1537a_dst-jpg_s261x260_tt6&_nc_cat=110&ccb=1-7&_nc_sid=454cf4&_nc_ohc=4r5o3reWmZkQ7kNvwGXJhxE&_nc_oc=Adm25-lc_1iy6ntcx5rju9jT_R-2zlMfH6bBzxGDMo1o0Bgy_MCfQk_xaTS0cB4TnxY&_nc_zt=23&_nc_ht=scontent.fsyd14-1.fna&_nc_gid=Sbyqt7JRAVuONB0_DjQvTA&oh=00_Afdgqmmvk3WX-KdjkpxEm5cRPbdeB1uLGzBLVE0fj57TAQ&oe=68F5F170","AU$16,000","2014 Volkswagen golf","Sydney, NSW","162K km",""
"https://www.facebook.com/marketplace/item/826849549791371/?ref=category_feed&referral_code=undefined&referral_story_type=listing&tracking=%7B%22qid%22%3A%22-8141480149028936562%22%2C%22mf_story_key%22%3A%2224680859608247763%22%2C%22commerce_rank_obj%22%3A%22%7B%5C%22target_id%5C%22%3A24680859608247763%2C%5C%22target_type%5C%22%3A0%2C%5C%22primary_position%5C%22%3A126%2C%5C%22ranking_signature%5C%22%3A4900942852639016989%2C%5C%22ranking_request_id%5C%22%3A5685202768989015638%2C%5C%22commerce_channel%5C%22%3A504%2C%5C%22value%5C%22%3A0.00024140272112979%2C%5C%22candidate_retrieval_source_map%5C%22%3A%7B%5C%2224680859608247763%5C%22%3A111%7D%7D%22%7D&__tn__=!%3AD","https://scontent.fsyd14-1.fna.fbcdn.net/v/t39.30808-6/557802631_122190218240357618_5220001144662876463_n.jpg?stp=c256.0.1537.1537a_dst-jpg_s261x260_tt6&_nc_cat=106&ccb=1-7&_nc_sid=454cf4&_nc_ohc=aD_I8CBdl_wQ7kNvwEyocY8&_nc_oc=Adk3PARyXxavdKM0TKUML8E-qQ9woYBB7EeP8Y0707CaaCECH0Fmn-Bls7ZUJci0eqI&_nc_zt=23&_nc_ht=scontent.fsyd14-1.fna&_nc_gid=Sbyqt7JRAVuONB0_DjQvTA&oh=00_AfeOVYkwPUAoLp4SMRxk9wYCH-5YWJcnYJ26W6j_vevDJQ&oe=68F5F15A","AU$13,990","2018 Volkswagen golf","Sydney, NSW","106K km",""
"https://www.facebook.com/marketplace/item/1435339337537666/?ref=category_feed&referral_code=undefined&referral_story_type=listing&tracking=%7B%22qid%22%3A%22-8141480149028936562%22%2C%22mf_story_key%22%3A%2224623807583968966%22%2C%22commerce_rank_obj%22%3A%22%7B%5C%22target_id%5C%22%3A24623807583968966%2C%5C%22target_type%5C%22%3A0%2C%5C%22primary_position%5C%22%3A127%2C%5C%22ranking_signature%5C%22%3A4900942852639016989%2C%5C%22ranking_request_id%5C%22%3A5685202768989015638%2C%5C%22commerce_channel%5C%22%3A504%2C%5C%22value%5C%22%3A0.00024088233176563%2C%5C%22candidate_retrieval_source_map%5C%22%3A%7B%5C%2224623807583968966%5C%22%3A111%7D%7D%22%7D&__tn__=!%3AD","https://scontent.fsyd14-1.fna.fbcdn.net/v/t45.5328-4/557548771_996090795977774_146658291800249560_n.jpg?stp=c42.0.260.260a_dst-jpg_p261x260_tt6&_nc_cat=100&ccb=1-7&_nc_sid=247b10&_nc_ohc=uaEmZGQw91gQ7kNvwGI1HEc&_nc_oc=AdkzeXfhcMwDubvgLiMd_TCXVb38g3F8KKWeR9J4uY9HixKLa3PPkB9ZqK7ZULykNy0&_nc_zt=23&_nc_ht=scontent.fsyd14-1.fna&_nc_gid=Sbyqt7JRAVuONB0_DjQvTA&oh=00_Afc2j9S13wTlRg_ljSTG7yRetBIhn7QzmGFx2Ol4l_Ztuw&oe=68F601D0","AU$16,500","2016 Volkswagen golf","Sydney, NSW","105K km","AU$17,500"
"https://www.facebook.com/marketplace/item/1480726686605460/?ref=category_feed&referral_code=undefined&referral_story_type=listing&tracking=%7B%22qid%22%3A%22-8141480149028936562%22%2C%22mf_story_key%22%3A%2223916254898068409%22%2C%22commerce_rank_obj%22%3A%22%7B%5C%22target_id%5C%22%3A23916254898068409%2C%5C%22target_type%5C%22%3A0%2C%5C%22primary_position%5C%22%3A128%2C%5C%22ranking_signature%5C%22%3A4900942852639016989%2C%5C%22ranking_request_id%5C%22%3A5685202768989015638%2C%5C%22commerce_channel%5C%22%3A504%2C%5C%22value%5C%22%3A0.00024079249642453%2C%5C%22candidate_retrieval_source_map%5C%22%3A%7B%5C%2223916254898068409%5C%22%3A111%7D%7D%22%7D&__tn__=!%3AD","https://scontent.fsyd14-1.fna.fbcdn.net/v/t39.30808-6/537849017_2124464071374080_2719750326057011870_n.jpg?stp=c256.0.1536.1536a_dst-jpg_s261x260_tt6&_nc_cat=104&ccb=1-7&_nc_sid=454cf4&_nc_ohc=MQKRRjdLyyIQ7kNvwEWQzIh&_nc_oc=Adl6sKzVssF7DFIGH32FziIHrppsGAws56y1q9uVaR5E2kCw4-7wEAgff4QDGaNypOU&_nc_zt=23&_nc_ht=scontent.fsyd14-1.fna&_nc_gid=Sbyqt7JRAVuONB0_DjQvTA&oh=00_AfcUcsClBTSy5tSAY-5iGmvpITXpVO0tg4ZT1Y2n3-V2kQ&oe=68F624B2","AU$14,450","2019 Volkswagen golf","Sydney, NSW","274K km","AU$15,500"
"https://www.facebook.com/marketplace/item/1358518492594245/?ref=category_feed&referral_code=undefined&referral_story_type=listing&tracking=%7B%22qid%22%3A%22-8141480149028936562%22%2C%22mf_story_key%22%3A%2225148871708113480%22%2C%22commerce_rank_obj%22%3A%22%7B%5C%22target_id%5C%22%3A25148871708113480%2C%5C%22target_type%5C%22%3A0%2C%5C%22primary_position%5C%22%3A133%2C%5C%22ranking_signature%5C%22%3A4900942852639016989%2C%5C%22ranking_request_id%5C%22%3A5685202768989015638%2C%5C%22commerce_channel%5C%22%3A504%2C%5C%22value%5C%22%3A0.00023477205720741%2C%5C%22candidate_retrieval_source_map%5C%22%3A%7B%5C%2225148871708113480%5C%22%3A111%7D%7D%22%7D&__tn__=!%3AD","https://scontent.fsyd14-1.fna.fbcdn.net/v/t39.30808-6/557413847_1835421197394811_3315220688164648293_n.jpg?stp=c0.110.1170.1170a_dst-jpg_s261x260_tt6&_nc_cat=107&ccb=1-7&_nc_sid=454cf4&_nc_ohc=DwxMVWSbUFwQ7kNvwGsvVMh&_nc_oc=AdkZ6lMqig_obu9zwRTFmk9lBFDdhfvU2aTef42l3E55t6ckcyBnDnpBkSCqBftr2lQ&_nc_zt=23&_nc_ht=scontent.fsyd14-1.fna&_nc_gid=Sbyqt7JRAVuONB0_DjQvTA&oh=00_AfdsrFnZAcEaoLXpCup5Foi_ofsGR2kcbZmg4h2HJM8WkA&oe=68F601E5","AU$19,000","2015 Volkswagen golf","Sydney, NSW","113K km",""
"https://www.facebook.com/marketplace/item/3526578744152043/?ref=category_feed&referral_code=undefined&referral_story_type=listing&tracking=%7B%22qid%22%3A%22-8141480149028936562%22%2C%22mf_story_key%22%3A%2231881334191482307%22%2C%22commerce_rank_obj%22%3A%22%7B%5C%22target_id%5C%22%3A31881334191482307%2C%5C%22target_type%5C%22%3A0%2C%5C%22primary_position%5C%22%3A136%2C%5C%22ranking_signature%5C%22%3A4900942852639016989%2C%5C%22ranking_request_id%5C%22%3A5685202768989015638%2C%5C%22commerce_channel%5C%22%3A504%2C%5C%22value%5C%22%3A0.0002323236843602%2C%5C%22candidate_retrieval_source_map%5C%22%3A%7B%5C%2231881334191482307%5C%22%3A111%7D%7D%22%7D&__tn__=!%3AD","https://scontent.fsyd14-1.fna.fbcdn.net/v/t39.30808-6/562375128_122254505090189073_6945481579173236226_n.jpg?stp=c0.169.1537.1537a_dst-jpg_s261x260_tt6&_nc_cat=104&ccb=1-7&_nc_sid=454cf4&_nc_ohc=xmgz97EUcnkQ7kNvwF9YFjn&_nc_oc=Adnm53zgrPNPqTWkDCtuZ-dy0c5aLmZjmUWKldwCk2dnWj3N2JbxF3e1cqxKqS9b95M&_nc_zt=23&_nc_ht=scontent.fsyd14-1.fna&_nc_gid=Sbyqt7JRAVuONB0_DjQvTA&oh=00_AfdJNqWTcLyAy37iClx-up2eZhDCYvWIjET1gLtohO3qIQ&oe=68F5FF7D","AU$21,000","2014 Volkswagen golf","Sydney, NSW","109K km",""
"https://www.facebook.com/marketplace/item/1768992513738951/?ref=category_feed&referral_code=undefined&referral_story_type=listing&tracking=%7B%22qid%22%3A%22-8141480149028936562%22%2C%22mf_story_key%22%3A%229984517828343704%22%2C%22commerce_rank_obj%22%3A%22%7B%5C%22target_id%5C%22%3A9984517828343704%2C%5C%22target_type%5C%22%3A0%2C%5C%22primary_position%5C%22%3A137%2C%5C%22ranking_signature%5C%22%3A4900942852639016989%2C%5C%22ranking_request_id%5C%22%3A5685202768989015638%2C%5C%22commerce_channel%5C%22%3A504%2C%5C%22value%5C%22%3A0.00022965917408647%2C%5C%22candidate_retrieval_source_map%5C%22%3A%7B%5C%229984517828343704%5C%22%3A111%7D%7D%22%7D&__tn__=!%3AD","https://scontent.fsyd14-1.fna.fbcdn.net/v/t39.30808-6/556574570_122233399574153327_9148665745069826924_n.jpg?stp=c0.296.1152.1152a_dst-jpg_s261x260_tt6&_nc_cat=104&ccb=1-7&_nc_sid=946e27&_nc_ohc=h_Ld1UK_etkQ7kNvwGrsvpT&_nc_oc=Adm5CNxtQhLR7sWpCI7ovWXDtkl2S6g7YodNreSufTmForKXUnmKRhwQQF2okRLHTec&_nc_zt=23&_nc_ht=scontent.fsyd14-1.fna&_nc_gid=Sbyqt7JRAVuONB0_DjQvTA&oh=00_AfdjSOlAeVKgl1pWfYp3IiTczUgG1DVSJB8h2rSbVUs_uw&oe=68F5FCE7","AU$28,000","2018 Volkswagen golf","Sydney, NSW","105K km",""
"https://www.facebook.com/marketplace/item/4226177064278148/?ref=category_feed&referral_code=undefined&referral_story_type=listing&tracking=%7B%22qid%22%3A%22-8141480149028936562%22%2C%22mf_story_key%22%3A%229171548572969173%22%2C%22commerce_rank_obj%22%3A%22%7B%5C%22target_id%5C%22%3A9171548572969173%2C%5C%22target_type%5C%22%3A0%2C%5C%22primary_position%5C%22%3A138%2C%5C%22ranking_signature%5C%22%3A4900942852639016989%2C%5C%22ranking_request_id%5C%22%3A5685202768989015638%2C%5C%22commerce_channel%5C%22%3A504%2C%5C%22value%5C%22%3A0.00022958186771202%2C%5C%22candidate_retrieval_source_map%5C%22%3A%7B%5C%229171548572969173%5C%22%3A111%7D%7D%22%7D&__tn__=!%3AD","https://scontent.fsyd14-1.fna.fbcdn.net/v/t39.30808-6/557623925_2329984370769190_5731887314285840272_n.jpg?stp=c0.169.1537.1537a_dst-jpg_s261x260_tt6&_nc_cat=105&ccb=1-7&_nc_sid=454cf4&_nc_ohc=5XI3rdbPkyQQ7kNvwE4iJl4&_nc_oc=Adn2Yjq7GoqiDn9whBiwI12fMPPXbysnXqxH4zd-nSuke8We0MLRz1Vp3KDjIdkjYno&_nc_zt=23&_nc_ht=scontent.fsyd14-1.fna&_nc_gid=Sbyqt7JRAVuONB0_DjQvTA&oh=00_AffUGTbeDrCWJBQFWfEVXWg_ybt4UAVunjPfasUQqgGQ0Q&oe=68F5F741","AU$35,399","2019 Volkswagen golf","Sydney, NSW","75K km",""
"https://www.facebook.com/marketplace/item/1152789273438805/?ref=category_feed&referral_code=undefined&referral_story_type=listing&tracking=%7B%22qid%22%3A%22-8141480149028936562%22%2C%22mf_story_key%22%3A%2231204148149232792%22%2C%22commerce_rank_obj%22%3A%22%7B%5C%22target_id%5C%22%3A31204148149232792%2C%5C%22target_type%5C%22%3A0%2C%5C%22primary_position%5C%22%3A139%2C%5C%22ranking_signature%5C%22%3A4900942852639016989%2C%5C%22ranking_request_id%5C%22%3A5685202768989015638%2C%5C%22commerce_channel%5C%22%3A504%2C%5C%22value%5C%22%3A0.00022937051121449%2C%5C%22candidate_retrieval_source_map%5C%22%3A%7B%5C%2231204148149232792%5C%22%3A111%7D%7D%22%7D&__tn__=!%3AD","https://scontent.fsyd14-1.fna.fbcdn.net/v/t39.30808-6/561376742_1338561677724364_4049657308529025882_n.jpg?stp=c256.0.1536.1536a_dst-jpg_s261x260_tt6&_nc_cat=101&ccb=1-7&_nc_sid=454cf4&_nc_ohc=qxAz8lfxhhsQ7kNvwEqHGco&_nc_oc=AdmBX3D5APbYzITAudvnYksFXGfKgTRoudOnM5HB_EzZIgYeTX1zrpCjvnYP92Fy9OQ&_nc_zt=23&_nc_ht=scontent.fsyd14-1.fna&_nc_gid=Sbyqt7JRAVuONB0_DjQvTA&oh=00_Affkt3OFEvQORLC5gijE2Y9YRlSqN8Pk_GTolGRhS-CzKA&oe=68F61202","AU$22,000","2016 Volkswagen golf","Sydney, NSW","133K km",""
"https://www.facebook.com/marketplace/item/788065970512586/?ref=category_feed&referral_code=undefined&referral_story_type=listing&tracking=%7B%22qid%22%3A%22-8141480080254004667%22%2C%22mf_story_key%22%3A%2224441478985554191%22%2C%22commerce_rank_obj%22%3A%22%7B%5C%22target_id%5C%22%3A24441478985554191%2C%5C%22target_type%5C%22%3A0%2C%5C%22primary_position%5C%22%3A143%2C%5C%22ranking_signature%5C%22%3A4900942852639016989%2C%5C%22ranking_request_id%5C%22%3A5685202768989015638%2C%5C%22commerce_channel%5C%22%3A504%2C%5C%22value%5C%22%3A0.00022250862877616%2C%5C%22candidate_retrieval_source_map%5C%22%3A%7B%5C%2224441478985554191%5C%22%3A111%7D%7D%22%7D&__tn__=!%3AD","https://scontent.fsyd14-1.fna.fbcdn.net/v/t39.30808-6/562422735_10161396521600689_6597278216168370064_n.jpg?stp=c256.0.1536.1536a_dst-jpg_s261x260_tt6&_nc_cat=107&ccb=1-7&_nc_sid=454cf4&_nc_ohc=DmrX6lzXTy4Q7kNvwGhDjWw&_nc_oc=Adkjz1zzPp8jCenTDO8gpE4kc9qKpP3Mu-M8bxOS4Ajg7IM1-0R_qpErC3G-PJ1r5P4&_nc_zt=23&_nc_ht=scontent.fsyd14-1.fna&_nc_gid=aFJFHhK9RLGbKRunIrHkxQ&oh=00_Afc0j1Gv8hdcbnM0iyf1X40RtoB9R7XIfpZYV87mJoBZjw&oe=68F616BD","AU$29,000","2015 Volkswagen golf","Wollongong, NSW","146K km",""
"https://www.facebook.com/marketplace/item/1135278181466231/?ref=category_feed&referral_code=undefined&referral_story_type=listing&tracking=%7B%22qid%22%3A%22-8141480080254004667%22%2C%22mf_story_key%22%3A%2224733486982971225%22%2C%22commerce_rank_obj%22%3A%22%7B%5C%22target_id%5C%22%3A24733486982971225%2C%5C%22target_type%5C%22%3A0%2C%5C%22primary_position%5C%22%3A145%2C%5C%22ranking_signature%5C%22%3A4900942852639016989%2C%5C%22ranking_request_id%5C%22%3A5685202768989015638%2C%5C%22commerce_channel%5C%22%3A504%2C%5C%22value%5C%22%3A0.0002210918237087%2C%5C%22candidate_retrieval_source_map%5C%22%3A%7B%5C%2224733486982971225%5C%22%3A111%7D%7D%22%7D&__tn__=!%3AD","https://scontent.fsyd14-1.fna.fbcdn.net/v/t39.30808-6/557021203_10230586801482506_4115445286095972713_n.jpg?stp=c811.0.1392.1392a_dst-jpg_s261x260_tt6&_nc_cat=105&ccb=1-7&_nc_sid=454cf4&_nc_ohc=OONFt_sU3QAQ7kNvwF3P-lL&_nc_oc=AdmeWsgb1roFAaE57mAejg5Emluf3vbe-JseEGO1AB8MD5FDRhgY-tTGPRYuW9lOT0k&_nc_zt=23&_nc_ht=scontent.fsyd14-1.fna&_nc_gid=aFJFHhK9RLGbKRunIrHkxQ&oh=00_AfdbidAq-GF5VI9I_C5FUPjeRDHN2yxvx7r7osgkuH1Quw&oe=68F62817","AU$18,000","2018 Volkswagen golf","Sydney, NSW","96K km","AU$20,000"
"https://www.facebook.com/marketplace/item/1072904768041827/?ref=category_feed&referral_code=undefined&referral_story_type=listing&tracking=%7B%22qid%22%3A%22-8141480080254004667%22%2C%22mf_story_key%22%3A%2225662733186649177%22%2C%22commerce_rank_obj%22%3A%22%7B%5C%22target_id%5C%22%3A25662733186649177%2C%5C%22target_type%5C%22%3A0%2C%5C%22primary_position%5C%22%3A146%2C%5C%22ranking_signature%5C%22%3A4900942852639016989%2C%5C%22ranking_request_id%5C%22%3A5685202768989015638%2C%5C%22commerce_channel%5C%22%3A504%2C%5C%22value%5C%22%3A0.00022097751261854%2C%5C%22candidate_retrieval_source_map%5C%22%3A%7B%5C%2225662733186649177%5C%22%3A111%7D%7D%22%7D&__tn__=!%3AD","https://scontent.fsyd14-1.fna.fbcdn.net/v/t39.30808-6/555958158_10235271466820240_6494010240932814117_n.jpg?stp=c256.0.1537.1537a_dst-jpg_s261x260_tt6&_nc_cat=104&ccb=1-7&_nc_sid=454cf4&_nc_ohc=4RfYntq9KAMQ7kNvwFoLVxE&_nc_oc=AdnGd0ipyqaUGPKdHuddmimE0SHLgYepAng0YsLLy-lrnXjzwSXyO6nURLErc2IHeps&_nc_zt=23&_nc_ht=scontent.fsyd14-1.fna&_nc_gid=aFJFHhK9RLGbKRunIrHkxQ&oh=00_Afc8OZBwUhmjKWnrNo29mtjcoJRZ9-pyGMMrVqjO6zzpwQ&oe=68F61896","AU$16,990","2017 Volkswagen golf","Sydney, NSW","57K km",""
"https://www.facebook.com/marketplace/item/2517839205257733/?ref=category_feed&referral_code=undefined&referral_story_type=listing&tracking=%7B%22qid%22%3A%22-8141480080254004667%22%2C%22mf_story_key%22%3A%2225084759237788805%22%2C%22commerce_rank_obj%22%3A%22%7B%5C%22target_id%5C%22%3A25084759237788805%2C%5C%22target_type%5C%22%3A0%2C%5C%22primary_position%5C%22%3A147%2C%5C%22ranking_signature%5C%22%3A4900942852639016989%2C%5C%22ranking_request_id%5C%22%3A5685202768989015638%2C%5C%22commerce_channel%5C%22%3A504%2C%5C%22value%5C%22%3A0.00022070742798069%2C%5C%22candidate_retrieval_source_map%5C%22%3A%7B%5C%2225084759237788805%5C%22%3A111%7D%7D%22%7D&__tn__=!%3AD","https://scontent.fsyd14-1.fna.fbcdn.net/v/t39.30808-6/561653473_10241840084805722_6642121407840518816_n.jpg?stp=c0.169.1536.1536a_dst-jpg_s261x260_tt6&_nc_cat=109&ccb=1-7&_nc_sid=454cf4&_nc_ohc=F-LBEHTmVJ8Q7kNvwGoFjhE&_nc_oc=Adm8VawTNzQvIHSkZrJ8-hAOca2_b8kDyA-wdH7aWvS1b6a0p-NHDp4xIzLsYXXyfr0&_nc_zt=23&_nc_ht=scontent.fsyd14-1.fna&_nc_gid=aFJFHhK9RLGbKRunIrHkxQ&oh=00_AfcFAhbOWsw6G12P7Uw7PKR7bM4cd4rz_yuuEJ-riUKJpA&oe=68F623E2","AU$35,000","2019 Volkswagen golf","Sydney, NSW","90K km","AU$37,000"
"https://www.facebook.com/marketplace/item/792844513719957/?ref=category_feed&referral_code=undefined&referral_story_type=listing&tracking=%7B%22qid%22%3A%22-8141480080254004667%22%2C%22mf_story_key%22%3A%2224759684133650958%22%2C%22commerce_rank_obj%22%3A%22%7B%5C%22target_id%5C%22%3A24759684133650958%2C%5C%22target_type%5C%22%3A0%2C%5C%22primary_position%5C%22%3A152%2C%5C%22ranking_signature%5C%22%3A4900942852639016989%2C%5C%22ranking_request_id%5C%22%3A5685202768989015638%2C%5C%22commerce_channel%5C%22%3A504%2C%5C%22value%5C%22%3A0.0002130435049553%2C%5C%22candidate_retrieval_source_map%5C%22%3A%7B%5C%2224759684133650958%5C%22%3A111%7D%7D%22%7D&__tn__=!%3AD","https://scontent.fsyd14-1.fna.fbcdn.net/v/t45.5328-4/554408516_1567645704567840_2625208743165639874_n.jpg?stp=c0.43.261.261a_dst-jpg_p261x260_tt6&_nc_cat=109&ccb=1-7&_nc_sid=247b10&_nc_ohc=NAav66yT3lMQ7kNvwHde2ps&_nc_oc=AdkY1lmoEp-BJ0MVyrUFbXXfyWktXB6aIguG7DscKI4qgdO7InPaXODTDcWMmMEhQ4o&_nc_zt=23&_nc_ht=scontent.fsyd14-1.fna&_nc_gid=aFJFHhK9RLGbKRunIrHkxQ&oh=00_Afce_2quN0fQlB843WYRgj6dlZ-EpYoji867aotJQONWzw&oe=68F5F29E","AU$10,000","2014 Volkswagen golf","Sydney, NSW","135K km",""
"https://www.facebook.com/marketplace/item/24397251409936408/?ref=category_feed&referral_code=undefined&referral_story_type=listing&tracking=%7B%22qid%22%3A%22-8141480080254004667%22%2C%22mf_story_key%22%3A%2231236836649297277%22%2C%22commerce_rank_obj%22%3A%22%7B%5C%22target_id%5C%22%3A31236836649297277%2C%5C%22target_type%5C%22%3A0%2C%5C%22primary_position%5C%22%3A154%2C%5C%22ranking_signature%5C%22%3A4900942852639016989%2C%5C%22ranking_request_id%5C%22%3A5685202768989015638%2C%5C%22commerce_channel%5C%22%3A504%2C%5C%22value%5C%22%3A0.00021290766177007%2C%5C%22candidate_retrieval_source_map%5C%22%3A%7B%5C%2231236836649297277%5C%22%3A111%7D%7D%22%7D&__tn__=!%3AD","https://scontent.fsyd14-1.fna.fbcdn.net/v/t39.30808-6/555505124_2311334052648855_940623617785621400_n.jpg?stp=c0.169.1537.1537a_dst-jpg_s261x260_tt6&_nc_cat=100&ccb=1-7&_nc_sid=454cf4&_nc_ohc=qboJgAmvzecQ7kNvwFZ99D8&_nc_oc=Adlj3jbSdbtky6fnWHjyXtpgXiWEp7bC8hBiUbqZ9TFpdOirMiY02EolANZ4X8_Ff_w&_nc_zt=23&_nc_ht=scontent.fsyd14-1.fna&_nc_gid=aFJFHhK9RLGbKRunIrHkxQ&oh=00_AffmK9wp-lH-bEaq6nnV_WlVT9qv4-BBUVYYIyrLXd8slw&oe=68F6213C","AU$19,500","2014 Volkswagen golf","Wollongong, NSW","122K km",""
"https://www.facebook.com/marketplace/item/1155087563189872/?ref=category_feed&referral_code=undefined&referral_story_type=listing&tracking=%7B%22qid%22%3A%22-8141480080254004667%22%2C%22mf_story_key%22%3A%2232393834726882424%22%2C%22commerce_rank_obj%22%3A%22%7B%5C%22target_id%5C%22%3A32393834726882424%2C%5C%22target_type%5C%22%3A0%2C%5C%22primary_position%5C%22%3A155%2C%5C%22ranking_signature%5C%22%3A4900942852639016989%2C%5C%22ranking_request_id%5C%22%3A5685202768989015638%2C%5C%22commerce_channel%5C%22%3A504%2C%5C%22value%5C%22%3A0.00021211009801561%2C%5C%22candidate_retrieval_source_map%5C%22%3A%7B%5C%2232393834726882424%5C%22%3A111%7D%7D%22%7D&__tn__=!%3AD","https://scontent.fsyd14-1.fna.fbcdn.net/v/t39.30808-6/550135144_1942203839959130_1765366553469615875_n.jpg?stp=c0.296.1152.1152a_dst-jpg_s261x260_tt6&_nc_cat=105&ccb=1-7&_nc_sid=454cf4&_nc_ohc=LYt-4n28ep4Q7kNvwFK0XMk&_nc_oc=AdlQ7n0K3WdSEIG5z7-SD-c7L8ZCCKJH7f5K_nCSfvka7mtr7_tEgeLQg-Ap0g16jSw&_nc_zt=23&_nc_ht=scontent.fsyd14-1.fna&_nc_gid=aFJFHhK9RLGbKRunIrHkxQ&oh=00_AfceD27qUzAV3TMnDo7vwGnjL5p4jgDK_DLoNuClW27tSA&oe=68F5F70A","AU$24,000","2018 Volkswagen golf","Sydney, NSW","102K km","AU$27,500"
"https://www.facebook.com/marketplace/item/1448753383081384/?ref=category_feed&referral_code=undefined&referral_story_type=listing&tracking=%7B%22qid%22%3A%22-8141480080254004667%22%2C%22mf_story_key%22%3A%2224420146920969114%22%2C%22commerce_rank_obj%22%3A%22%7B%5C%22target_id%5C%22%3A24420146920969114%2C%5C%22target_type%5C%22%3A0%2C%5C%22primary_position%5C%22%3A158%2C%5C%22ranking_signature%5C%22%3A4900942852639016989%2C%5C%22ranking_request_id%5C%22%3A5685202768989015638%2C%5C%22commerce_channel%5C%22%3A504%2C%5C%22value%5C%22%3A0.00020950345930783%2C%5C%22candidate_retrieval_source_map%5C%22%3A%7B%5C%2224420146920969114%5C%22%3A111%7D%7D%22%7D&__tn__=!%3AD","https://scontent.fsyd14-1.fna.fbcdn.net/v/t39.30808-6/558876641_4395821760697692_5595471245418114989_n.jpg?stp=c0.169.1536.1536a_dst-jpg_s261x260_tt6&_nc_cat=108&ccb=1-7&_nc_sid=454cf4&_nc_ohc=N2gy99hUY8AQ7kNvwGbSkaL&_nc_oc=AdmhfdLEmyTxg4ncxBbqU6d5yNO9fAziiZ-D92E9aO_QKzXzwMGWR5KlqTqpiY8RjgM&_nc_zt=23&_nc_ht=scontent.fsyd14-1.fna&_nc_gid=aFJFHhK9RLGbKRunIrHkxQ&oh=00_AfeQo5juHEODw-01w_UW2pmDe4CtMGuTAHaDqU2-7nUHAw&oe=68F5FB8E","AU$19,500","2017 Volkswagen golf","Sydney, NSW","186K km","AU$20,500"
"https://www.facebook.com/marketplace/item/1176384054521197/?ref=category_feed&referral_code=undefined&referral_story_type=listing&tracking=%7B%22qid%22%3A%22-8141480080254004667%22%2C%22mf_story_key%22%3A%2224448339928140235%22%2C%22commerce_rank_obj%22%3A%22%7B%5C%22target_id%5C%22%3A24448339928140235%2C%5C%22target_type%5C%22%3A0%2C%5C%22primary_position%5C%22%3A159%2C%5C%22ranking_signature%5C%22%3A4900942852639016989%2C%5C%22ranking_request_id%5C%22%3A5685202768989015638%2C%5C%22commerce_channel%5C%22%3A504%2C%5C%22value%5C%22%3A0.00020924838697437%2C%5C%22candidate_retrieval_source_map%5C%22%3A%7B%5C%2224448339928140235%5C%22%3A111%7D%7D%22%7D&__tn__=!%3AD","https://scontent.fsyd14-1.fna.fbcdn.net/v/t39.30808-6/547907846_24849131898053891_6418766473597900440_n.jpg?stp=c256.0.1537.1537a_dst-jpg_s261x260_tt6&_nc_cat=101&ccb=1-7&_nc_sid=454cf4&_nc_ohc=ArxX0hjeL3gQ7kNvwG-TfRc&_nc_oc=AdkRvqZjA0FNxeJ2ppyfx5f9k_IPMs73Ck7pnDwZAyByTDLebJ1zpWOhbcHcNCKQdjA&_nc_zt=23&_nc_ht=scontent.fsyd14-1.fna&_nc_gid=aFJFHhK9RLGbKRunIrHkxQ&oh=00_AffT6S5DhtUw66rrbDDBBkYT_bG-AC0eBOCrAFdSMb84uA&oe=68F62879","AU$16,000","2016 Volkswagen golf","Sydney, NSW","126K km","AU$17,500"
"https://www.facebook.com/marketplace/item/1324990792303400/?ref=category_feed&referral_code=undefined&referral_story_type=listing&tracking=%7B%22qid%22%3A%22-8141480080254004667%22%2C%22mf_story_key%22%3A%2224569456399373673%22%2C%22commerce_rank_obj%22%3A%22%7B%5C%22target_id%5C%22%3A24569456399373673%2C%5C%22target_type%5C%22%3A0%2C%5C%22primary_position%5C%22%3A162%2C%5C%22ranking_signature%5C%22%3A4900942852639016989%2C%5C%22ranking_request_id%5C%22%3A5685202768989015638%2C%5C%22commerce_channel%5C%22%3A504%2C%5C%22value%5C%22%3A0.00020277164018356%2C%5C%22candidate_retrieval_source_map%5C%22%3A%7B%5C%2224569456399373673%5C%22%3A111%7D%7D%22%7D&__tn__=!%3AD","https://scontent.fsyd14-1.fna.fbcdn.net/v/t39.30808-6/552155727_10229737013878900_5007456451940301247_n.jpg?stp=c0.169.1536.1536a_dst-jpg_s261x260_tt6&_nc_cat=104&ccb=1-7&_nc_sid=454cf4&_nc_ohc=IPtLB3h81jcQ7kNvwHaNcNO&_nc_oc=AdmKKGjYnp2jxYr3u4SmpZK6B9HoxxEynjkPUxQfsxu6MjB3Qpugsk-GP-Q-4poN3Eo&_nc_zt=23&_nc_ht=scontent.fsyd14-1.fna&_nc_gid=aFJFHhK9RLGbKRunIrHkxQ&oh=00_AfebCn_tpL-S_CITm5YfEKMgg4_E5_LbrmUm76R4l68v-Q&oe=68F61F01","AU$16,000","2018 Volkswagen golf","Central Coast, NSW","91K km","AU$19,990"